field_0,field_1,field_2,field_3,field_4,field_5,field_6,field_7,field_8,field_9
crop_0,4476.4118,2926.9412,crop_0,5115.4706,2682.7647,crop_0,2307.4706,3359.1765,crop_0
crop_1,3939.4706,234.7647,crop_1,5037.0000,5352.6471,crop_1,823.9412,4139.6471,crop_1
crop_2,2918.4118,1564.2353,crop_2,5091.2353,5731.8824,crop_2,908.4118,2329.8824,crop_2
crop_3,3877.0000,3467.1765,crop_3,518.6471,3731.7647,crop_3,3500.2353,161.2353,crop_3
crop_4,5217.0588,2549.2353,crop_4,1578.5882,92.1176,crop_4,2141.7059,1598.0588,crop_4
crop_5,5319.2353,1311.0588,crop_5,1088.7647,5664.8235,crop_5,5343.7059,2690.7059,crop_5
crop_6,2708.2941,1863.8235,crop_6,5531.8824,3645.7647,crop_6,5086.7059,5274.4706,crop_6
crop_7,3430.6471,2132.6471,crop_7,1943.1765,2886.2941,crop_7,4008.4706,169.3529,crop_7
crop_8,3266.8235,2432.8824,crop_8,1712.2941,4906.0000,crop_8,4579.0000,3445.8824,crop_8
crop_0,3866.4706,891.2353,crop_0,2727.6471,2442.6471,crop_0,96.5882,2780.7647,crop_0
crop_1,4622.7647,3268.8235,crop_1,5718.2941,3679.8824,crop_1,4590.0588,3149.0000,crop_1
crop_2,808.6471,3854.8235,crop_2,5373.5882,2091.6471,crop_2,4607.7059,3578.7647,crop_2
crop_3,3530.3529,172.1176,crop_3,2147.2941,3787.2941,crop_3,3539.0588,1286.7647,crop_3
crop_4,5855.7647,2482.4118,crop_4,1433.9412,3255.3529,crop_4,3811.4706,1909.4706,crop_4
crop_5,3680.8235,3012.5882,crop_5,4354.2941,4955.8235,crop_5,669.3529,5838.6471,crop_5
crop_6,84.4118,3559.4706,crop_6,289.7059,2993.2941,crop_6,5822.5294,5523.4118,crop_6
crop_7,4964.0000,4604.1176,crop_7,3974.2941,679.1765,crop_7,4189.9412,3785.1176,crop_7
crop_8,3583.9412,3721.5882,crop_8,1272.8824,4495.1765,crop_8,789.5882,2575.2353,crop_8
crop_0,520.4118,1621.4706,crop_0,35.1176,105.5294,crop_0,4911.3529,3610.1176,crop_0
crop_1,3138.4118,4348.1176,crop_1,2627.5882,3926.3529,crop_1,1406.1765,5409.4118,crop_1
crop_2,1511.7059,3861.1176,crop_2,5823.0000,4564.9412,crop_2,5784.9412,1848.8824,crop_2
crop_3,3550.5294,1030.0588,crop_3,4210.8235,2619.0588,crop_3,3564.8235,4031.3529,crop_3
crop_4,154.1765,434.4118,crop_4,569.4118,5089.8824,crop_4,5504.9412,1802.0000,crop_4
crop_5,3943.8824,1304.4706,crop_5,3680.0000,1304.9412,crop_5,265.4706,4873.3529,crop_5
crop_6,1192.6471,5060.4706,crop_6,3399.2353,4309.1765,crop_6,3229.8235,1763.6471,crop_6
crop_7,2305.4118,4326.8824,crop_7,2624.0000,4306.0588,crop_7,1718.8235,4117.5294,crop_7
crop_8,3176.3529,1698.1176,crop_8,1245.3529,1248.8235,crop_8,3549.1176,1941.1765,crop_8
crop_0,2365.2353,2614.7059,crop_0,3071.4706,2262.4118,crop_0,5734.2941,2763.0000,crop_0
crop_1,2977.2353,1630.3529,crop_1,4091.4706,3894.7059,crop_1,1407.7647,4213.2941,crop_1
crop_2,4970.1176,2008.6471,crop_2,4526.5294,3046.4706,crop_2,1348.8824,4239.5882,crop_2
crop_3,3833.8235,1807.8824,crop_3,3053.0000,236.4118,crop_3,2638.0588,1989.0000,crop_3
crop_4,2193.9412,2240.2353,crop_4,1691.4706,765.1765,crop_4,4539.2941,4772.8824,crop_4
crop_5,3510.0000,1369.3529,crop_5,3074.6471,1330.8824,crop_5,987.7059,4771.8824,crop_5
crop_6,2311.0588,64.7647,crop_6,3248.8824,4992.5882,crop_6,753.9412,5109.6471,crop_6
crop_7,3398.4118,3832.7647,crop_7,1067.9412,3844.1176,crop_7,4309.5294,2515.7059,crop_7
crop_8,1247.4118,3209.8235,crop_8,2862.4118,3492.1765,crop_8,3639.5882,2334.8824,crop_8
crop_0,1822.8824,204.0588,crop_0,743.6471,3562.1176,crop_0,2162.1176,1660.7647,crop_0
crop_1,735.2941,729.3529,crop_1,3686.8235,5523.7059,crop_1,3709.5294,3803.7059,crop_1
crop_2,5161.1176,3454.1765,crop_2,2424.8824,3363.7647,crop_2,4838.1765,2351.9412,crop_2
crop_3,4484.6471,4398.2941,crop_3,679.7059,3237.3529,crop_3,471.8235,1426.7647,crop_3
crop_4,5395.8235,1103.1176,crop_4,4167.9412,3458.2941,crop_4,5509.1765,3001.8235,crop_4
crop_5,180.7059,2599.0588,crop_5,952.4118,4178.2941,crop_5,3527.0588,5315.8235,crop_5
crop_6,1586.5882,427.6471,crop_6,1868.9412,3242.7059,crop_6,5806.9412,3677.4118,crop_6
crop_7,1005.4706,2640.8824,crop_7,3857.9412,5876.2353,crop_7,4073.4706,268.6471,crop_7
crop_8,4935.4118,4861.4118,crop_8,268.7647,843.5294,crop_8,3962.0588,762.1765,crop_8
crop_0,1031.2353,3831.4706,crop_0,3146.5882,1824.1765,crop_0,2641.7647,4934.7059,crop_0
crop_1,1462.7647,1907.2353,crop_1,2853.6471,3891.5882,crop_1,36.0588,702.5882,crop_1
crop_2,1088.7059,2278.5882,crop_2,4827.8824,828.8824,crop_2,1162.8235,5839.2941,crop_2
crop_3,5063.9412,4380.2353,crop_3,5244.7059,4412.4706,crop_3,3996.0588,5171.9412,crop_3
crop_4,5864.2353,4863.5882,crop_4,4087.8235,3267.8824,crop_4,1019.2941,3669.5882,crop_4
crop_5,675.8235,203.0588,crop_5,1336.4706,721.8824,crop_5,3548.7647,853.1765,crop_5
crop_6,3171.2941,4538.7647,crop_6,1438.3529,5118.4118,crop_6,3440.2353,4199.7059,crop_6
crop_7,2716.0000,753.4706,crop_7,5566.2353,5858.7647,crop_7,5132.0588,5375.8235,crop_7
crop_8,5047.0000,5597.1765,crop_8,5290.0588,501.2941,crop_8,4989.6471,5832.5294,crop_8
crop_0,3737.0000,2495.0000,crop_0,5274.5294,2354.9412,crop_0,4591.7647,589.4118,crop_0
crop_1,989.7647,1370.8824,crop_1,1677.5882,4343.4706,crop_1,1623.5882,4919.7647,crop_1
crop_2,3588.7059,2344.6471,crop_2,765.1765,2811.5882,crop_2,1049.6471,2351.1176,crop_2
crop_3,3855.8824,1361.8235,crop_3,5071.3529,4147.9412,crop_3,3829.7647,572.9412,crop_3
crop_4,5600.8235,1011.0000,crop_4,2857.2941,5036.0588,crop_4,3803.3529,2224.5882,crop_4
crop_5,5217.0588,5149.5882,crop_5,3314.4706,4846.5882,crop_5,3931.6471,3722.7059,crop_5
crop_6,2113.1176,3672.9412,crop_6,119.5882,5252.2353,crop_6,5482.0588,2301.1765,crop_6
crop_7,5733.8235,4045.8235,crop_7,3593.0588,1887.1765,crop_7,1735.1176,2251.7059,crop_7
crop_8,839.7059,1956.8235,crop_8,832.1765,5137.9412,crop_8,4266.9412,2536.6471,crop_8
crop_0,5302.9412,1601.8235,crop_0,4634.7059,3300.8235,crop_0,222.7647,5837.4118,crop_0
crop_1,2062.5882,4105.7647,crop_1,4450.5882,3240.7059,crop_1,3571.5882,5574.3529,crop_1
crop_2,4809.4118,1453.1176,crop_2,5153.4706,1241.4118,crop_2,4722.6471,3875.3529,crop_2
crop_3,1531.2941,5722.5882,crop_3,1809.2941,4911.1176,crop_3,5249.0000,4829.6471,crop_3
crop_4,3180.1176,2157.9412,crop_4,592.1765,2844.2353,crop_4,5750.8824,1084.1765,crop_4
crop_5,601.7059,5061.7647,crop_5,1624.1765,2843.3529,crop_5,360.4706,2178.0000,crop_5
crop_6,970.4118,4197.0000,crop_6,1644.7059,1100.7059,crop_6,1512.7059,667.5294,crop_6
crop_7,2345.4706,1397.8235,crop_7,964.4706,5010.8235,crop_7,3078.9412,1426.5294,crop_7
crop_8,3667.3529,2536.3529,crop_8,3857.2941,4103.2941,crop_8,3022.0000,1387.0000,crop_8
crop_0,860.7059,1767.6471,crop_0,1464.2353,291.8235,crop_0,224.8235,899.7059,crop_0
crop_1,5517.5882,5395.2941,crop_1,1386.5294,5043.3529,crop_1,5642.5882,5658.7059,crop_1
crop_2,385.0588,1629.1765,crop_2,356.0000,453.4706,crop_2,4344.8235,1150.7059,crop_2
crop_3,4075.5882,4048.3529,crop_3,1559.1765,1215.3529,crop_3,3033.5882,629.8824,crop_3
crop_4,4576.6471,5473.5882,crop_4,2125.7059,3845.0588,crop_4,1472.2941,776.1765,crop_4
crop_5,3774.0588,3518.0588,crop_5,1399.7059,3928.2941,crop_5,1863.5882,2228.6471,crop_5
crop_6,5413.0000,5359.2941,crop_6,2668.7647,5640.1765,crop_6,1189.1765,345.7647,crop_6
crop_7,2873.2353,986.9412,crop_7,5028.0588,4148.1765,crop_7,338.4706,1808.9412,crop_7
crop_8,798.7059,1887.1765,crop_8,1248.7647,1887.1765,crop_8,1721.7059,3139.8824,crop_8
crop_0,4551.9412,2472.5294,crop_0,575.7059,151.8235,crop_0,105.5294,5477.1765,crop_0
crop_1,1290.3529,1650.2941,crop_1,5632.5882,5333.0000,crop_1,7.1176,74.0588,crop_1
crop_2,4834.1176,5534.4706,crop_2,3277.1176,1019.8824,crop_2,934.2353,5383.9412,crop_2
crop_3,1555.2941,115.4706,crop_3,1409.3529,543.8235,crop_3,4440.4706,4992.7059,crop_3
crop_4,1497.9412,3799.5882,crop_4,3418.2353,4874.5294,crop_4,5411.7647,5197.1176,crop_4
crop_5,2476.7647,2243.3529,crop_5,5211.7059,1065.8235,crop_5,2644.2353,2404.3529,crop_5
crop_6,5726.5882,1172.3529,crop_6,4925.9412,5300.2941,crop_6,4272.4118,3880.9412,crop_6
crop_7,1439.9412,4781.4118,crop_7,4689.7647,449.2353,crop_7,2156.7059,4479.2353,crop_7
crop_8,3517.0588,361.9412,crop_8,2726.2941,1946.2353,crop_8,1268.6471,5843.7059,crop_8
crop_0,686.0000,2476.0000,crop_0,1543.3529,164.5294,crop_0,1649.2353,5692.5882,crop_0
crop_1,5743.2941,5607.2941,crop_1,1060.7647,3488.8824,crop_1,3449.1176,3783.0000,crop_1
crop_2,1326.2941,3088.2941,crop_2,1721.8824,5796.4118,crop_2,66.0000,1370.4706,crop_2
crop_3,4375.7647,948.8824,crop_3,4679.2353,3766.2353,crop_3,5585.1176,3362.7647,crop_3
crop_4,5443.8824,4855.7647,crop_4,976.8824,4117.7059,crop_4,4751.0588,295.4706,crop_4
crop_5,3344.6471,2096.9412,crop_5,2281.0588,5413.4706,crop_5,3709.0000,4055.0000,crop_5
crop_6,3128.8235,1705.5882,crop_6,2264.4706,2538.1176,crop_6,5099.0588,40.0000,crop_6
crop_7,3101.7647,1636.8235,crop_7,3649.7059,4197.8235,crop_7,4822.2353,320.7647,crop_7
crop_8,5172.2941,3568.0000,crop_8,3251.1176,35.0000,crop_8,2506.7059,842.1765,crop_8
crop_0,1713.2353,2874.7647,crop_0,18.6471,1398.9412,crop_0,3073.1176,468.0588,crop_0
crop_1,3056.4706,1713.0588,crop_1,246.0588,2722.7647,crop_1,477.8235,2924.2353,crop_1
crop_2,3586.5294,2042.2941,crop_2,5804.5882,1829.0588,crop_2,3470.2353,2432.0588,crop_2
crop_3,1983.0588,652.6471,crop_3,1855.5294,2851.0000,crop_3,3983.8235,1422.4118,crop_3
crop_4,31.5882,2401.6471,crop_4,2351.2353,3946.8235,crop_4,315.5294,1914.5882,crop_4
crop_5,1829.1765,3010.7647,crop_5,4112.8824,3618.8824,crop_5,4858.9412,3229.8235,crop_5
crop_6,5323.5882,1904.8824,crop_6,557.5294,1023.0000,crop_6,5156.4706,4030.3529,crop_6
crop_7,1537.1765,1028.6471,crop_7,582.8824,59.9412,crop_7,4749.0588,2238.8235,crop_7
crop_8,195.4706,2676.2353,crop_8,1199.9412,4852.8235,crop_8,2158.0000,3863.2353,crop_8
crop_0,3631.2353,240.3529,crop_0,5474.7059,2169.7647,crop_0,4597.1176,4879.2353,crop_0
crop_1,1213.3529,5500.8824,crop_1,2257.1765,3382.5882,crop_1,2443.4118,2565.3529,crop_1
crop_2,3415.0588,933.9412,crop_2,3121.8235,4774.4706,crop_2,2104.6471,701.7059,crop_2
crop_3,4172.3529,384.7647,crop_3,727.4118,2802.7647,crop_3,3890.4118,1425.7647,crop_3
crop_4,1688.1176,2151.2941,crop_4,5879.1765,5145.5882,crop_4,4025.4706,4352.7059,crop_4
crop_5,4952.9412,3373.5882,crop_5,3727.9412,3584.2941,crop_5,523.1176,547.7647,crop_5
crop_6,2675.7059,1527.4118,crop_6,3629.5882,5049.6471,crop_6,41.0588,304.0000,crop_6
crop_7,1942.8824,3569.5882,crop_7,5677.5294,158.3529,crop_7,5097.1765,5483.9412,crop_7
crop_8,2781.9412,2994.6471,crop_8,894.4706,5164.1765,crop_8,2691.9412,4548.4706,crop_8
crop_0,1944.9412,4972.0000,crop_0,5862.5294,345.2353,crop_0,5719.0000,1165.2941,crop_0
crop_1,4382.6471,65.5882,crop_1,4167.1765,4335.5294,crop_1,2073.1765,1253.4118,crop_1
crop_2,3556.8824,2039.1765,crop_2,2454.2941,1957.0588,crop_2,5246.5882,2187.7059,crop_2
crop_3,1195.7059,5588.3529,crop_3,3476.8824,354.4118,crop_3,5338.8235,671.7647,crop_3
crop_4,4187.9412,4462.1176,crop_4,1476.5882,4624.5882,crop_4,5768.0588,1365.8824,crop_4
crop_5,4474.0000,1385.8235,crop_5,2491.0588,183.4706,crop_5,996.4706,1352.9412,crop_5
crop_6,84.7059,745.4118,crop_6,1386.7059,1593.0588,crop_6,110.8824,2128.2353,crop_6
crop_7,391.8235,236.6471,crop_7,4510.4118,4733.4118,crop_7,2498.9412,3134.2353,crop_7
crop_8,5147.2353,5545.2353,crop_8,4033.4706,3036.3529,crop_8,4300.5294,472.1176,crop_8
crop_0,2722.7647,4434.5882,crop_0,1354.4706,1029.0588,crop_0,2324.5882,1302.3529,crop_0
crop_1,3256.8824,1355.8235,crop_1,3783.1765,724.5882,crop_1,5037.1176,794.2941,crop_1
crop_2,152.8235,5395.5882,crop_2,1816.0588,4491.6471,crop_2,5675.1765,3115.8824,crop_2
crop_3,5105.7059,3208.8824,crop_3,2898.5882,2025.4118,crop_3,5229.5294,3576.4118,crop_3
crop_4,4611.0000,5789.4118,crop_4,4683.8235,2268.7059,crop_4,3772.7059,1847.8824,crop_4
crop_5,5516.0000,618.5294,crop_5,4102.8824,1008.6471,crop_5,2426.8235,3015.9412,crop_5
crop_6,333.2941,4815.1176,crop_6,2867.1176,1001.0000,crop_6,2381.9412,1372.0588,crop_6
crop_7,1974.3529,4897.0588,crop_7,3124.2353,1963.7059,crop_7,1229.7647,1756.2941,crop_7
crop_8,5660.8824,1832.2353,crop_8,2741.2941,1322.1765,crop_8,2789.7059,4511.1176,crop_8
crop_0,2546.3529,3755.1176,crop_0,5617.6471,459.8235,crop_0,4255.6471,2628.2353,crop_0
crop_1,1337.4118,1009.7647,crop_1,3073.8235,3068.8824,crop_1,2854.3529,2099.1176,crop_1
crop_2,3515.8824,2887.7059,crop_2,1710.4706,2867.5294,crop_2,564.5294,360.8235,crop_2
crop_3,2799.1176,3190.8824,crop_3,5571.2941,2606.2353,crop_3,5573.6471,1997.5882,crop_3
crop_4,444.9412,5861.1765,crop_4,8.5294,4279.5882,crop_4,2283.5294,4305.2941,crop_4
crop_5,2326.0000,1806.3529,crop_5,5267.1176,3611.7647,crop_5,3756.8235,4626.7647,crop_5
crop_6,3322.3529,1329.7059,crop_6,5150.2353,5624.4706,crop_6,3965.7059,1270.0588,crop_6
crop_7,795.5294,1980.2353,crop_7,2392.0000,3938.4706,crop_7,5597.3529,5400.8824,crop_7
crop_8,476.4706,1305.7059,crop_8,3241.5294,4060.7059,crop_8,4242.7647,575.5294,crop_8
crop_0,331.7647,4671.3529,crop_0,2390.0000,2806.5882,crop_0,5562.0588,4389.1765,crop_0
crop_1,4950.7059,940.5882,crop_1,5417.2941,463.6471,crop_1,3842.0588,3762.7647,crop_1
crop_2,2484.0000,4984.8235,crop_2,2113.2941,4762.8235,crop_2,142.2353,2651.6471,crop_2
crop_3,3449.7059,223.5882,crop_3,2662.9412,627.1765,crop_3,743.8235,288.4118,crop_3
crop_4,4812.3529,981.6471,crop_4,960.2941,1383.1176,crop_4,144.6471,490.5882,crop_4
crop_5,1608.5294,3280.5294,crop_5,4220.0000,4462.1176,crop_5,1456.2941,5820.6471,crop_5
crop_6,4499.0588,5255.9412,crop_6,3004.0588,2339.7647,crop_6,5036.5882,587.2941,crop_6
crop_7,3039.0000,3816.1176,crop_7,2612.9412,3968.7059,crop_7,3586.0000,5058.9412,crop_7
crop_8,976.6471,4747.7647,crop_8,4593.1765,3970.7059,crop_8,5527.2353,920.2353,crop_8
crop_0,4791.0588,3374.2941,crop_0,1056.9412,5554.8824,crop_0,3828.0588,4020.1765,crop_0
crop_1,2215.4706,5111.3529,crop_1,3636.4118,2388.6471,crop_1,1859.1176,410.5294,crop_1
crop_2,3616.5294,1366.7647,crop_2,1378.2941,5443.0588,crop_2,4052.8824,3253.2353,crop_2
crop_3,4622.2353,3974.2941,crop_3,97.1765,3946.4706,crop_3,869.3529,1623.6471,crop_3
crop_4,4380.1176,534.5294,crop_4,3238.1176,1379.7059,crop_4,994.0588,3367.5294,crop_4
crop_5,3302.2353,4982.4118,crop_5,532.0000,3647.7647,crop_5,4664.8824,493.8824,crop_5
crop_6,5132.6471,5487.8824,crop_6,3700.7647,329.7647,crop_6,4855.7059,490.0588,crop_6
crop_7,3807.4706,5421.8824,crop_7,619.1176,4142.0588,crop_7,5674.1765,1582.6471,crop_7
crop_8,4964.2353,46.8824,crop_8,5005.8235,428.0588,crop_8,2058.1176,3931.0000,crop_8
crop_0,5845.8824,2015.1176,crop_0,4164.8824,1836.8824,crop_0,3599.8235,3354.4706,crop_0
crop_1,2723.5294,4223.2353,crop_1,514.7059,5073.4706,crop_1,2618.6471,1063.2941,crop_1
crop_2,2268.0588,4916.0588,crop_2,4652.4706,1694.5294,crop_2,4417.7059,799.8824,crop_2
crop_3,2990.9412,1598.4118,crop_3,175.5882,3818.8824,crop_3,4479.4706,2399.0000,crop_3
crop_4,5358.6471,1483.5882,crop_4,3627.4118,3178.1765,crop_4,1602.1765,1866.7647,crop_4
crop_5,1189.5294,1744.7059,crop_5,2842.9412,2833.2941,crop_5,993.2353,2639.7059,crop_5
crop_6,1066.1176,4199.2941,crop_6,5065.1176,2309.0588,crop_6,5215.0000,4956.1176,crop_6
crop_7,5322.5294,1644.3529,crop_7,3123.2353,4247.7647,crop_7,2967.6471,940.4706,crop_7
crop_8,3456.7647,5246.9412,crop_8,2956.4118,2920.0588,crop_8,4324.4706,5360.2353,crop_8
crop_0,2339.7647,3508.1765,crop_0,1312.2353,1168.8235,crop_0,1717.7059,4821.5882,crop_0
crop_1,818.2941,1102.7059,crop_1,1120.7647,1624.2353,crop_1,3475.7059,5089.0588,crop_1
crop_2,3452.7059,130.8235,crop_2,2550.5882,4919.1176,crop_2,3422.1765,662.7059,crop_2
crop_3,5527.1765,4914.5294,crop_3,1654.2353,1980.7059,crop_3,1777.9412,4188.7059,crop_3
crop_4,587.5294,1973.0000,crop_4,2106.9412,600.5882,crop_4,4977.1765,3816.3529,crop_4
crop_5,5529.5882,4971.4118,crop_5,303.1765,3663.0588,crop_5,3357.3529,5012.7647,crop_5
crop_6,70.3529,5345.5882,crop_6,491.7059,1876.4118,crop_6,5722.6471,3471.0000,crop_6
crop_7,1113.8235,2500.7059,crop_7,2727.0000,1450.2353,crop_7,1090.9412,2549.1765,crop_7
crop_8,5659.6471,108.9412,crop_8,4132.4706,1901.4118,crop_8,980.4118,4262.5882,crop_8
crop_0,2389.4118,4689.2353,crop_0,4858.9412,1182.2941,crop_0,4189.6471,193.6471,crop_0
crop_1,5312.0588,822.9412,crop_1,1035.9412,1763.4118,crop_1,4892.8235,711.4706,crop_1
crop_2,1952.0588,1825.1765,crop_2,5652.6471,4661.4118,crop_2,1964.0588,1809.5882,crop_2
crop_3,799.5294,227.4706,crop_3,4368.4118,4157.2353,crop_3,2198.7059,5808.9412,crop_3
crop_4,1894.5294,1357.2941,crop_4,236.0588,1670.5294,crop_4,5224.3529,3655.7647,crop_4
crop_5,1693.2353,1861.7647,crop_5,1447.6471,872.1176,crop_5,406.8235,3935.4706,crop_5
crop_6,3486.4118,3893.8824,crop_6,1616.1176,116.7059,crop_6,3808.0000,1893.1765,crop_6
crop_7,2100.5882,313.5294,crop_7,4684.7647,2164.2941,crop_7,975.9412,5807.1765,crop_7
crop_8,1095.0000,5467.7059,crop_8,4952.8824,232.1765,crop_8,4875.4118,4159.6471,crop_8
crop_0,4214.1176,3201.4706,crop_0,3573.4706,3596.4118,crop_0,701.9412,832.9412,crop_0
crop_1,4615.9412,1191.0000,crop_1,2369.2941,3348.4706,crop_1,1211.8824,2472.6471,crop_1
crop_2,477.8235,3192.1765,crop_2,184.1176,2413.1176,crop_2,1819.1765,3004.6471,crop_2
crop_3,2190.4706,1665.9412,crop_3,4262.9412,1818.1176,crop_3,3807.2353,831.7059,crop_3
crop_4,1472.4706,2908.2353,crop_4,461.0588,4742.3529,crop_4,1634.1176,3882.1176,crop_4
crop_5,4275.0000,3789.8824,crop_5,1524.8824,3842.0588,crop_5,5800.3529,1316.5882,crop_5
crop_6,4923.1176,5407.1176,crop_6,692.6471,2823.2941,crop_6,165.0000,1556.6471,crop_6
crop_7,2402.5882,4924.3529,crop_7,1535.1176,4808.6471,crop_7,4194.7647,257.8235,crop_7
crop_8,3517.1176,2785.5882,crop_8,4247.8235,2901.1765,crop_8,867.1765,4043.7647,crop_8
crop_0,451.7647,18.0588,crop_0,2762.5882,113.1176,crop_0,881.0588,3129.0000,crop_0
crop_1,5491.6471,4987.2353,crop_1,2500.8235,776.2941,crop_1,696.6471,3325.9412,crop_1
crop_2,2818.2941,3625.2941,crop_2,804.7059,3636.0000,crop_2,1528.8824,5357.2941,crop_2
crop_3,1510.3529,2565.4706,crop_3,450.5294,1275.0000,crop_3,1164.0000,4197.2941,crop_3
crop_4,2046.7059,2197.7059,crop_4,5168.4118,1673.7647,crop_4,5319.5882,3061.0588,crop_4
crop_5,2261.8824,58.5294,crop_5,307.4706,1574.0588,crop_5,3385.3529,1166.0000,crop_5
crop_6,3425.2941,5378.7647,crop_6,5245.4706,2025.7059,crop_6,4611.2941,185.7647,crop_6
crop_7,4091.2353,283.3529,crop_7,4119.4706,3911.2941,crop_7,3217.1765,200.8235,crop_7
crop_8,1970.7059,5477.7647,crop_8,1071.2941,5297.2941,crop_8,1052.1176,2674.2941,crop_8
crop_0,1464.2941,2934.1765,crop_0,4745.2941,2359.7059,crop_0,3875.7059,1202.2941,crop_0
crop_1,116.7059,5283.7647,crop_1,292.2353,926.5294,crop_1,5446.5882,5135.8824,crop_1
crop_2,838.7059,5649.1176,crop_2,2867.8235,3290.1176,crop_2,4866.8235,3058.6471,crop_2
crop_3,5810.1765,3055.7647,crop_3,3076.8824,3069.4118,crop_3,4842.0588,3014.7647,crop_3
crop_4,1103.3529,5789.2941,crop_4,4695.5882,412.4706,crop_4,4575.2941,2496.1176,crop_4
crop_5,2632.0000,3460.8235,crop_5,649.7059,991.2941,crop_5,5155.0000,4210.9412,crop_5
crop_6,1026.0588,2590.1176,crop_6,38.5882,1613.2353,crop_6,2965.2353,4917.7059,crop_6
crop_7,756.8824,4697.9412,crop_7,4971.7059,4223.7647,crop_7,5469.0000,3274.5882,crop_7
crop_8,4997.4706,3956.2941,crop_8,1181.9412,869.4706,crop_8,5722.5294,5300.2941,crop_8
crop_0,3464.3529,2806.4706,crop_0,5278.0000,4383.3529,crop_0,2240.0588,2593.4706,crop_0
crop_1,5578.7059,5842.8824,crop_1,642.5882,5800.8824,crop_1,4440.3529,5349.2941,crop_1
crop_2,5475.5294,905.6471,crop_2,711.6471,1765.5294,crop_2,2534.5294,1274.9412,crop_2
crop_3,4047.9412,5155.6471,crop_3,1409.4118,2672.3529,crop_3,244.4706,2716.7647,crop_3
crop_4,4714.8824,886.3529,crop_4,3185.0588,5413.3529,crop_4,4964.5294,593.0588,crop_4
crop_5,1813.8824,221.2353,crop_5,4402.6471,3865.9412,crop_5,2364.0000,2975.7647,crop_5
crop_6,3695.1176,3898.5294,crop_6,3953.2353,3128.4118,crop_6,30.9412,1305.8235,crop_6
crop_7,5284.5882,4269.8235,crop_7,1703.0588,2887.3529,crop_7,1217.4706,1207.0588,crop_7
crop_8,261.7647,4275.7647,crop_8,648.4118,1925.1176,crop_8,4737.4118,2616.1176,crop_8
crop_0,3166.1765,340.6471,crop_0,3789.7647,3200.8235,crop_0,1937.7059,4528.1176,crop_0
crop_1,927.1176,5801.8824,crop_1,430.9412,5467.2353,crop_1,232.9412,625.1176,crop_1
crop_2,4200.0588,1149.1176,crop_2,2081.4118,1678.7647,crop_2,4984.9412,2186.2941,crop_2
crop_3,4375.1176,4383.2941,crop_3,3519.0588,5229.5882,crop_3,3127.9412,4298.9412,crop_3
crop_4,1656.8824,5581.1176,crop_4,430.0000,2406.9412,crop_4,5484.2941,460.0588,crop_4
crop_5,2698.7647,4827.2353,crop_5,3462.8824,710.1176,crop_5,5332.1765,1450.2353,crop_5
crop_6,856.2941,3753.4118,crop_6,371.8235,4201.1176,crop_6,3467.4706,1614.5294,crop_6
crop_7,3280.6471,5669.5294,crop_7,2559.7059,4417.1176,crop_7,2548.7059,1504.2941,crop_7
crop_8,5046.6471,4380.6471,crop_8,2394.1176,1100.1765,crop_8,4136.0000,5101.2353,crop_8
crop_0,4371.4706,5253.4706,crop_0,3930.2353,3048.6471,crop_0,4940.6471,4331.7059,crop_0
crop_1,3067.4118,2679.5294,crop_1,2891.6471,5647.0588,crop_1,5719.5294,1907.0588,crop_1
crop_2,5762.4118,5631.8824,crop_2,3021.0588,2767.5294,crop_2,1239.0000,3896.4706,crop_2
crop_3,3304.7647,240.5294,crop_3,1439.8235,778.0588,crop_3,770.2353,3260.3529,crop_3
crop_4,2800.7059,3966.7059,crop_4,1735.2941,2339.0588,crop_4,50.2941,4505.0588,crop_4
crop_5,2399.5294,3836.3529,crop_5,5533.8824,3292.4118,crop_5,3670.4706,691.9412,crop_5
crop_6,4684.0588,178.3529,crop_6,529.4706,2219.1765,crop_6,5049.2941,4634.2941,crop_6
crop_7,1750.0000,4620.2353,crop_7,809.2941,4550.7647,crop_7,415.7059,3656.7059,crop_7
crop_8,2061.9412,5767.1176,crop_8,5203.7647,1347.2941,crop_8,4146.2941,1941.4118,crop_8
crop_0,1342.4706,2857.5882,crop_0,4801.2941,3693.0000,crop_0,3380.9412,3054.0588,crop_0
crop_1,1797.8235,1721.5294,crop_1,1347.4706,2325.4706,crop_1,2604.0000,26.1765,crop_1
crop_2,61.3529,5862.9412,crop_2,1136.8824,2084.4706,crop_2,1812.7059,5454.2941,crop_2
crop_3,627.8824,4169.1765,crop_3,3739.1765,5447.7059,crop_3,2433.6471,3065.5882,crop_3
crop_4,2294.7647,538.9412,crop_4,2023.5294,3370.2941,crop_4,3792.4706,3814.5882,crop_4
crop_5,2528.0000,5056.2941,crop_5,1215.0588,2694.7647,crop_5,5106.3529,3897.1765,crop_5
crop_6,3332.5294,2925.5294,crop_6,4817.3529,3820.9412,crop_6,1647.9412,307.4118,crop_6
crop_7,3928.5882,4454.1765,crop_7,2315.5294,59.1176,crop_7,5835.0588,4057.4118,crop_7
crop_8,4281.2941,3145.1765,crop_8,1948.0588,2617.4118,crop_8,2028.8824,3284.4118,crop_8
crop_0,385.1176,3981.0588,crop_0,5563.9412,798.0588,crop_0,2773.1176,1214.4706,crop_0
crop_1,4853.4706,2338.8235,crop_1,2885.0588,2581.8824,crop_1,5837.5882,1588.5294,crop_1
crop_2,2047.5882,1126.8235,crop_2,3106.0588,1786.7647,crop_2,5227.7059,2636.4706,crop_2
crop_3,3107.2941,4212.3529,crop_3,918.0588,3289.8824,crop_3,4190.0000,1960.7647,crop_3
crop_4,5454.9412,1941.9412,crop_4,412.1176,498.7059,crop_4,38.7059,5140.1176,crop_4
crop_5,4323.8824,1791.8235,crop_5,2814.3529,1874.5294,crop_5,1970.5294,5833.4118,crop_5
crop_6,1835.4118,3181.6471,crop_6,4504.9412,2263.6471,crop_6,3793.2353,2923.5882,crop_6
crop_7,3295.3529,3902.9412,crop_7,4058.1176,445.7647,crop_7,106.3529,3956.0000,crop_7
crop_8,5206.1176,1340.0000,crop_8,2759.8235,1.7059,crop_8,5043.0588,1662.7647,crop_8
crop_0,2402.2941,5193.1176,crop_0,2375.0588,1493.5294,crop_0,461.4706,5504.8824,crop_0
crop_1,3955.5294,2331.1176,crop_1,3080.1765,2595.2353,crop_1,1919.1176,5170.1176,crop_1
crop_2,5441.0588,3301.1176,crop_2,3650.1765,4288.0000,crop_2,2509.0588,5415.5294,crop_2
crop_3,5805.6471,2456.8824,crop_3,2330.4118,658.1176,crop_3,4759.7059,1782.9412,crop_3
crop_4,271.4706,829.2353,crop_4,3268.0588,4155.1765,crop_4,1960.1176,176.0000,crop_4
crop_5,2423.7647,408.4706,crop_5,732.1176,4518.9412,crop_5,382.1765,3976.0000,crop_5
crop_6,4043.5882,4036.8824,crop_6,3787.9412,1683.3529,crop_6,850.5294,1507.7059,crop_6
crop_7,4407.0588,1325.8235,crop_7,1569.3529,1080.7647,crop_7,2551.3529,4205.6471,crop_7
crop_8,3403.5882,5116.2941,crop_8,4772.6471,1067.0000,crop_8,792.7647,5657.4118,crop_8
crop_0,5314.5294,4796.1765,crop_0,3139.4706,684.0588,crop_0,2657.9412,321.0000,crop_0
crop_1,2557.0588,5057.9412,crop_1,5264.7059,4491.4118,crop_1,901.2353,651.5294,crop_1
crop_2,151.9412,5660.4118,crop_2,1860.1176,1681.8824,crop_2,4864.6471,1473.8235,crop_2
crop_3,603.4706,5570.7059,crop_3,688.7647,2949.4706,crop_3,1281.5294,4876.2941,crop_3
crop_4,1411.5294,2398.0588,crop_4,5332.1176,3752.9412,crop_4,4429.1176,2886.6471,crop_4
crop_5,2748.9412,3080.4706,crop_5,1772.8824,872.0000,crop_5,724.0588,5393.8824,crop_5
crop_6,5775.2941,224.7059,crop_6,5574.5882,1405.7647,crop_6,3045.2353,2003.0000,crop_6
crop_7,829.2941,420.7059,crop_7,185.0000,2169.5882,crop_7,5662.4706,4995.9412,crop_7
crop_8,1571.4706,1783.0000,crop_8,5775.0000,4131.8824,crop_8,1405.7647,687.0588,crop_8
crop_0,3923.7059,779.2353,crop_0,182.4706,1632.5294,crop_0,1722.5882,135.4706,crop_0
crop_1,1403.0000,340.4118,crop_1,3204.8824,4119.4118,crop_1,3844.2353,3203.6471,crop_1
crop_2,465.4706,286.7059,crop_2,1013.7647,3738.0000,crop_2,2300.0588,1898.7647,crop_2
crop_3,3446.7059,4319.8235,crop_3,4471.6471,5786.3529,crop_3,2598.6471,2462.0000,crop_3
crop_4,3650.0588,34.5294,crop_4,2198.5882,5841.2941,crop_4,3293.1176,3216.6471,crop_4
crop_5,3521.5294,3012.4118,crop_5,1632.5882,2429.4118,crop_5,5313.5294,2956.7647,crop_5
crop_6,3025.3529,2582.5882,crop_6,999.1765,3107.2941,crop_6,4930.3529,4690.7647,crop_6
crop_7,4469.1765,4989.4706,crop_7,3907.2353,2960.6471,crop_7,4177.1765,4275.8824,crop_7
crop_8,211.5882,5239.5294,crop_8,3296.2941,1575.0000,crop_8,764.2353,5657.6471,crop_8
crop_0,228.7059,1309.5294,crop_0,2520.7059,2047.1765,crop_0,3440.7059,3577.5882,crop_0
crop_1,3468.4118,5771.8824,crop_1,901.2941,1074.0000,crop_1,1999.2353,2482.5882,crop_1
crop_2,1943.7059,1576.6471,crop_2,3895.5294,4451.4706,crop_2,786.0000,2378.9412,crop_2
crop_3,1959.5294,2019.6471,crop_3,248.5882,1587.2353,crop_3,5852.1176,1102.1176,crop_3
crop_4,1958.8824,5768.5882,crop_4,4232.7059,5225.5294,crop_4,1915.0000,5407.9412,crop_4
crop_5,3584.7059,4034.1176,crop_5,4807.3529,5116.9412,crop_5,3599.4118,2477.7059,crop_5
crop_6,543.5294,2669.1176,crop_6,5226.9412,1261.8824,crop_6,4589.0000,2080.5294,crop_6
crop_7,5609.7647,5446.2353,crop_7,3573.0588,4339.6471,crop_7,4500.7059,4918.5294,crop_7
crop_8,303.3529,486.0588,crop_8,5287.4706,5481.5294,crop_8,3047.7059,2265.9412,crop_8
crop_0,2400.4706,5545.1765,crop_0,3295.2941,1431.7647,crop_0,5258.2353,1210.6471,crop_0
crop_1,1023.5882,2865.2353,crop_1,3915.8824,3822.8824,crop_1,2536.7647,408.7059,crop_1
crop_2,2195.2353,3021.2353,crop_2,829.9412,935.5294,crop_2,4037.8235,2343.6471,crop_2
crop_3,2835.9412,3695.1765,crop_3,1725.1765,278.6471,crop_3,4812.7059,51.9412,crop_3
crop_4,2272.1176,2113.4118,crop_4,5081.6471,3085.9412,crop_4,2857.8824,2732.8235,crop_4
crop_5,5228.7647,4064.3529,crop_5,2884.5882,3629.1176,crop_5,3412.4118,5148.2941,crop_5
crop_6,4040.5294,4168.4706,crop_6,2912.2353,801.7647,crop_6,667.0588,2082.4118,crop_6
crop_7,2386.8824,1209.7647,crop_7,4148.4118,5298.0588,crop_7,4597.4118,25.4706,crop_7
crop_8,1015.7647,4236.4118,crop_8,567.5882,354.5882,crop_8,2121.5882,5562.7647,crop_8
crop_0,1412.0588,3991.9412,crop_0,4246.5294,2167.0000,crop_0,1762.1765,2394.4118,crop_0
crop_1,4008.3529,2385.4706,crop_1,4882.2353,3117.0588,crop_1,5249.1176,5261.8235,crop_1
crop_2,5220.2353,3860.8235,crop_2,3813.3529,3048.3529,crop_2,552.5882,573.1765,crop_2
crop_3,1701.5294,3219.4706,crop_3,2657.6471,2665.9412,crop_3,1954.7059,573.7059,crop_3
crop_4,4595.4706,1041.0000,crop_4,5123.9412,2718.7647,crop_4,715.6471,3920.5882,crop_4
crop_5,2925.5882,4321.3529,crop_5,3564.2941,2387.4706,crop_5,4747.8235,3367.3529,crop_5
crop_6,3620.4118,3842.4118,crop_6,3902.1765,4408.1176,crop_6,205.5294,1466.3529,crop_6
crop_7,4416.9412,3727.4706,crop_7,1315.8235,4138.6471,crop_7,3345.0588,3169.5882,crop_7
crop_8,695.5294,2282.6471,crop_8,2451.8235,4312.2941,crop_8,5145.1765,4786.3529,crop_8
crop_0,365.2941,3965.7059,crop_0,612.7647,5375.3529,crop_0,4474.0000,4823.2941,crop_0
crop_1,1234.7647,981.8235,crop_1,1544.7059,5193.8235,crop_1,2382.6471,1392.3529,crop_1
crop_2,1037.1176,4708.1176,crop_2,4671.7059,1859.8235,crop_2,3745.5882,3304.0000,crop_2
crop_3,5480.7647,4450.4706,crop_3,3129.9412,799.3529,crop_3,2937.5294,3289.5882,crop_3
crop_4,334.5294,399.6471,crop_4,2661.3529,1357.5882,crop_4,3093.1176,4912.1765,crop_4
crop_5,780.1765,749.5294,crop_5,3973.6471,4604.7059,crop_5,5775.9412,5749.8824,crop_5
crop_6,5396.5882,94.7647,crop_6,994.1176,3514.6471,crop_6,3087.6471,1016.0000,crop_6
crop_7,4014.8235,3748.2353,crop_7,3316.9412,5395.4118,crop_7,3942.3529,2284.2941,crop_7
crop_8,63.5294,1506.2941,crop_8,3237.1765,3595.4118,crop_8,2019.0588,4500.7647,crop_8
crop_0,4767.1765,1169.0000,crop_0,1282.2941,2914.5882,crop_0,4198.1765,1047.7647,crop_0
crop_1,1674.1765,1662.5882,crop_1,146.8235,1192.0588,crop_1,4881.3529,1346.6471,crop_1
crop_2,4117.8824,4432.2353,crop_2,3466.4706,2511.7059,crop_2,4107.6471,4797.7059,crop_2
crop_3,4209.2941,2350.6471,crop_3,3897.5882,2865.3529,crop_3,721.1765,1512.4118,crop_3
crop_4,570.1176,3864.0000,crop_4,275.0000,411.7647,crop_4,1163.8235,4240.0588,crop_4
crop_5,4372.5294,437.4118,crop_5,1362.9412,3381.7059,crop_5,3171.7647,5675.0588,crop_5
crop_6,2109.2941,1896.1176,crop_6,972.1765,5865.7647,crop_6,1729.8824,3337.6471,crop_6
crop_7,991.1765,1119.2353,crop_7,5432.7059,3658.4706,crop_7,4364.1176,4702.0000,crop_7
crop_8,438.4706,4798.1176,crop_8,5664.8235,140.7647,crop_8,1614.6471,2417.8824,crop_8
crop_0,4145.1765,3109.4706,crop_0,2992.5294,1435.6471,crop_0,5447.9412,1415.9412,crop_0
crop_1,4484.4706,2914.3529,crop_1,5773.8824,743.0000,crop_1,5591.4706,2415.0588,crop_1
crop_2,1834.7647,4171.2941,crop_2,4698.0588,3186.4118,crop_2,5446.4118,2415.7647,crop_2
crop_3,5788.1765,4679.2353,crop_3,5842.4118,5331.0588,crop_3,549.8235,2468.7647,crop_3
crop_4,5683.1765,1879.4706,crop_4,674.7647,478.3529,crop_4,3111.4706,290.6471,crop_4
crop_5,1158.7647,2798.1765,crop_5,899.0000,4665.1765,crop_5,1521.8824,5236.0588,crop_5
crop_6,1311.8824,3712.7647,crop_6,3915.8235,2289.7647,crop_6,254.6471,197.1765,crop_6
crop_7,2753.0588,721.9412,crop_7,5323.5294,2989.1176,crop_7,3880.3529,2154.4118,crop_7
crop_8,5829.8824,3124.0588,crop_8,5341.8235,1180.1765,crop_8,3610.8824,4421.1176,crop_8
crop_0,3491.4118,5772.5882,crop_0,5414.7647,4394.8824,crop_0,3284.8235,1541.2941,crop_0
crop_1,1950.6471,2801.0588,crop_1,5461.0588,2581.1176,crop_1,2805.5294,821.8824,crop_1
crop_2,2217.9412,1422.3529,crop_2,5447.0588,4358.4706,crop_2,673.2941,4338.2941,crop_2
crop_3,4694.1176,210.0588,crop_3,5755.8824,348.1176,crop_3,2505.4706,338.3529,crop_3
crop_4,94.0588,3016.4118,crop_4,2799.4706,1104.7647,crop_4,3881.1765,3398.4706,crop_4
crop_5,3098.2941,2468.8824,crop_5,3095.6471,1744.2941,crop_5,2575.9412,1362.8824,crop_5
crop_6,2046.5294,5330.9412,crop_6,979.7059,2841.8235,crop_6,5260.4706,4454.7059,crop_6
crop_7,4913.9412,2636.2941,crop_7,4385.2353,5750.4118,crop_7,4127.9412,2256.9412,crop_7
crop_8,1330.2941,5780.1765,crop_8,2773.9412,2918.0588,crop_8,1646.5882,1350.0588,crop_8
crop_0,2856.2941,38.2353,crop_0,2810.2941,1966.8235,crop_0,2845.6471,4076.1176,crop_0
crop_1,1213.1176,4055.9412,crop_1,4637.8824,2628.1765,crop_1,768.4118,1653.2353,crop_1
crop_2,166.1765,1559.7059,crop_2,3911.7059,5388.6471,crop_2,1383.0000,1057.0588,crop_2
crop_3,2206.7647,5593.6471,crop_3,5482.4118,709.1765,crop_3,5424.5294,4832.5294,crop_3
crop_4,2513.0000,2501.8235,crop_4,1671.0588,2133.5294,crop_4,3089.2941,4546.6471,crop_4
crop_5,1180.8235,2674.4706,crop_5,5770.2941,3798.0588,crop_5,2602.0000,3847.5294,crop_5
crop_6,5674.4118,127.2353,crop_6,13.8235,59.8235,crop_6,2045.4118,3323.5882,crop_6
crop_7,1945.0588,2543.0588,crop_7,657.6471,4958.2941,crop_7,5110.4118,2649.0000,crop_7
crop_8,4907.1176,2395.8235,crop_8,123.4706,4207.3529,crop_8,1856.6471,4136.2353,crop_8
crop_0,5650.5882,161.8235,crop_0,4604.2941,377.0588,crop_0,1774.0588,1119.4706,crop_0
crop_1,834.1765,145.5294,crop_1,4638.8824,3899.8824,crop_1,5420.8235,1192.5294,crop_1
crop_2,171.6471,2974.8235,crop_2,1727.8235,4096.2941,crop_2,1927.0000,5708.2941,crop_2
crop_3,3965.8824,2209.1176,crop_3,3415.0588,2807.7059,crop_3,1640.0000,2307.0000,crop_3
crop_4,3099.1765,2905.6471,crop_4,1821.4118,4781.2353,crop_4,2229.0588,698.8824,crop_4
crop_5,5554.7647,4834.9412,crop_5,3777.7647,2830.5294,crop_5,1091.9412,5636.1176,crop_5
crop_6,1088.4118,3829.4706,crop_6,1347.1176,663.0000,crop_6,774.4706,2555.7647,crop_6
crop_7,4021.1765,922.9412,crop_7,3992.7059,4768.4706,crop_7,4704.2353,602.7647,crop_7
crop_8,5079.8235,5551.4706,crop_8,2189.7647,3688.4706,crop_8,1528.1176,2747.7647,crop_8
crop_0,4526.6471,2652.7059,crop_0,2317.4118,1867.1176,crop_0,2795.2353,2543.3529,crop_0
crop_1,5607.8824,5789.0588,crop_1,1720.6471,4049.5882,crop_1,2388.4118,3679.1176,crop_1
crop_2,2107.0588,3072.5294,crop_2,1852.4706,5753.7059,crop_2,87.7647,4176.2353,crop_2
crop_3,4894.4118,1058.8235,crop_3,4431.6471,4472.2353,crop_3,4917.1765,4663.4118,crop_3
crop_4,121.5882,440.7059,crop_4,2187.4118,5265.0588,crop_4,2672.5882,5096.1765,crop_4
crop_5,536.4118,3072.2353,crop_5,5612.3529,5463.1176,crop_5,4461.8824,4490.1765,crop_5
crop_6,5663.0000,1654.1765,crop_6,5212.4706,4549.8235,crop_6,3721.2353,2367.3529,crop_6
crop_7,2575.0000,1142.9412,crop_7,4033.5882,2691.1176,crop_7,5424.7647,3633.1765,crop_7
crop_8,2923.2941,1841.8824,crop_8,5752.4706,5103.4706,crop_8,1271.2353,2790.1176,crop_8
crop_0,1404.0000,1170.0588,crop_0,5145.9412,4071.8824,crop_0,3270.1765,4252.1176,crop_0
crop_1,1624.2353,4173.9412,crop_1,4937.1176,2942.1765,crop_1,5647.7647,2571.8824,crop_1
crop_2,2025.8824,4695.8824,crop_2,2185.7647,2771.4706,crop_2,139.6471,1856.1176,crop_2
crop_3,2106.9412,3266.6471,crop_3,5723.2353,5540.2353,crop_3,322.9412,5205.4706,crop_3
crop_4,2502.5882,2951.0000,crop_4,4442.4706,148.4706,crop_4,3865.0588,917.1176,crop_4
crop_5,4906.2353,4649.1765,crop_5,1759.7647,155.8235,crop_5,576.6471,3688.8235,crop_5
crop_6,2904.4118,759.0000,crop_6,2808.9412,546.7059,crop_6,4195.8235,193.5882,crop_6
crop_7,368.1176,498.1765,crop_7,2050.5882,1880.2353,crop_7,2688.7059,232.5294,crop_7
crop_8,2429.7059,2018.2353,crop_8,1227.0588,338.0588,crop_8,5020.4706,3859.8824,crop_8
crop_0,3333.5882,3167.8235,crop_0,2488.5294,4527.5882,crop_0,31.0000,4232.6471,crop_0
crop_1,5231.2353,2673.6471,crop_1,5784.0000,5504.7059,crop_1,4668.8824,5386.0588,crop_1
crop_2,1632.0000,1218.9412,crop_2,1032.5294,4138.5294,crop_2,5655.1765,4894.0000,crop_2
crop_3,3525.9412,2079.0000,crop_3,546.8824,4669.4706,crop_3,1341.8235,3686.0588,crop_3
crop_4,4615.0588,2652.6471,crop_4,5510.5294,3509.5294,crop_4,4289.1176,1088.9412,crop_4
crop_5,4948.5294,5337.2353,crop_5,2754.9412,1110.6471,crop_5,3498.6471,756.2353,crop_5
crop_6,1972.9412,4357.4706,crop_6,938.4118,2578.5882,crop_6,2752.8824,3940.8824,crop_6
crop_7,147.4118,4982.7059,crop_7,127.8235,4278.1765,crop_7,5423.2941,4221.9412,crop_7
crop_8,2816.9412,2960.2941,crop_8,3546.6471,923.5882,crop_8,555.4706,2138.1765,crop_8
crop_0,3430.0000,1931.7059,crop_0,5176.5294,2163.7647,crop_0,898.6471,5270.8824,crop_0
crop_1,5529.9412,4435.8235,crop_1,3996.7647,3830.0588,crop_1,2000.5882,3709.5294,crop_1
crop_2,1598.1765,3145.4118,crop_2,2905.0588,3461.3529,crop_2,4512.9412,3398.3529,crop_2
crop_3,2050.3529,4191.5882,crop_3,846.5294,2304.6471,crop_3,5257.2353,5142.1765,crop_3
crop_4,1611.7647,915.8235,crop_4,4643.9412,2622.2353,crop_4,1695.7059,821.2941,crop_4
crop_5,3184.1176,458.8824,crop_5,1209.5882,2593.2353,crop_5,3896.0588,2815.0588,crop_5
crop_6,4096.1176,365.4706,crop_6,884.6471,2130.5294,crop_6,5142.7647,4466.7647,crop_6
crop_7,777.8824,2810.7647,crop_7,1239.8235,3162.0000,crop_7,3390.1176,4073.7059,crop_7
crop_8,1593.0000,9.5882,crop_8,1845.1765,2093.8824,crop_8,25.8235,2437.1176,crop_8
crop_0,5846.3529,53.6471,crop_0,2238.7647,2447.6471,crop_0,5305.9412,3116.6471,crop_0
crop_1,4750.8235,4033.3529,crop_1,5483.8824,4542.2353,crop_1,2916.0588,3209.4706,crop_1
crop_2,5049.2353,4376.9412,crop_2,4676.0000,514.9412,crop_2,5069.8824,708.5882,crop_2
crop_3,1445.5294,1263.5882,crop_3,3479.4706,1909.1176,crop_3,1544.5882,2126.7647,crop_3
crop_4,1020.0000,2369.5294,crop_4,5797.4118,5097.8824,crop_4,1243.1765,3272.3529,crop_4
crop_5,5590.4706,5119.0000,crop_5,1947.6471,5036.9412,crop_5,2382.2353,2533.7059,crop_5
crop_6,1517.4118,2405.4706,crop_6,4045.8235,1870.5294,crop_6,1244.1765,2715.2941,crop_6
crop_7,92.6471,4146.6471,crop_7,2402.5882,1887.5294,crop_7,1108.0000,607.0000,crop_7
crop_8,3155.4706,2492.8824,crop_8,4472.8824,117.8235,crop_8,2522.4118,2956.4118,crop_8
crop_0,1252.6471,942.2353,crop_0,196.0588,2734.2941,crop_0,4209.1176,716.5882,crop_0
crop_1,5028.1765,3758.7059,crop_1,836.1176,2784.0588,crop_1,973.8824,4164.2941,crop_1
crop_2,4744.0588,1966.5882,crop_2,611.0000,998.6471,crop_2,1287.2353,4982.7647,crop_2
crop_3,2644.9412,5305.7059,crop_3,4917.6471,4040.8824,crop_3,4455.9412,82.1765,crop_3
crop_4,921.0588,4029.5882,crop_4,4673.9412,167.1176,crop_4,3738.8824,1469.4118,crop_4
crop_5,1568.1176,4385.5294,crop_5,1444.1176,1597.4118,crop_5,3573.9412,689.2353,crop_5
crop_6,1478.2353,4411.8235,crop_6,344.4118,3790.1765,crop_6,3176.2353,2931.5882,crop_6
crop_7,5272.2353,288.7059,crop_7,5067.6471,2913.7059,crop_7,4077.3529,2112.8235,crop_7
crop_8,1510.0588,4534.3529,crop_8,1398.4706,3826.5294,crop_8,3539.8235,4038.5294,crop_8
crop_0,1556.3529,5124.4706,crop_0,4186.5294,4920.6471,crop_0,3847.4706,1729.4118,crop_0
crop_1,5617.1176,1663.7647,crop_1,4909.2353,4739.4706,crop_1,5760.1176,41.5294,crop_1
crop_2,421.1765,603.5882,crop_2,2325.1176,3506.2353,crop_2,720.0588,1006.4706,crop_2
crop_3,1226.1176,4224.0588,crop_3,5665.7647,5479.1176,crop_3,5286.0588,2877.9412,crop_3
crop_4,5413.5294,3018.8235,crop_4,4095.3529,3437.9412,crop_4,2577.4706,763.1176,crop_4
crop_5,4888.1176,2526.4706,crop_5,1875.0588,728.7647,crop_5,3938.1765,5798.6471,crop_5
crop_6,5642.6471,2838.5294,crop_6,4039.0000,3569.9412,crop_6,2301.4118,1656.5882,crop_6
crop_7,1115.4118,1390.5294,crop_7,4289.7647,1819.6471,crop_7,3298.5294,1884.2353,crop_7
crop_8,260.8235,4966.2353,crop_8,2031.0000,5239.7647,crop_8,4376.8235,4670.8235,crop_8
crop_0,1561.0000,2924.2941,crop_0,2504.3529,1376.4118,crop_0,5622.2353,2611.1176,crop_0
crop_1,3929.8235,3470.8824,crop_1,2053.5882,3534.3529,crop_1,3664.1176,1319.8235,crop_1
crop_2,3865.5294,4675.0000,crop_2,1879.3529,202.0000,crop_2,4351.2941,4557.9412,crop_2
crop_3,3355.8824,125.5882,crop_3,4380.4706,4399.4118,crop_3,454.1176,5581.1765,crop_3
crop_4,4990.1176,3786.8824,crop_4,3690.5882,3687.1176,crop_4,5519.0588,2988.0588,crop_4
crop_5,3384.6471,3871.8235,crop_5,4539.0000,5008.2941,crop_5,3397.3529,3442.7647,crop_5
crop_6,4266.1176,5834.3529,crop_6,1915.8235,4750.1176,crop_6,3078.5882,3766.5882,crop_6
crop_7,1232.1176,5458.0588,crop_7,2747.4706,2572.3529,crop_7,4444.5882,2718.4118,crop_7
crop_8,1823.8235,3426.7059,crop_8,5230.0588,4067.0000,crop_8,3936.2353,4371.3529,crop_8
crop_0,336.4118,1415.4118,crop_0,3245.4118,2915.2941,crop_0,2194.3529,3893.9412,crop_0
crop_1,1069.0588,1817.9412,crop_1,5199.9412,943.7647,crop_1,2318.4118,1355.7059,crop_1
crop_2,1976.8235,2230.5294,crop_2,3540.1176,3613.8824,crop_2,5394.8235,3601.9412,crop_2
crop_3,4572.0588,1053.1176,crop_3,2303.3529,223.3529,crop_3,1114.5294,5310.6471,crop_3
crop_4,885.8824,5533.2941,crop_4,4740.1765,769.2353,crop_4,1519.4118,5851.1765,crop_4
crop_5,5202.8235,5341.4706,crop_5,3833.9412,3545.8235,crop_5,4049.5882,4419.6471,crop_5
crop_6,3624.8235,3731.0588,crop_6,1175.0588,4589.7647,crop_6,3437.5882,197.0000,crop_6
crop_7,3991.5294,1344.5294,crop_7,5628.6471,4783.0000,crop_7,4034.8824,4283.8235,crop_7
crop_8,2521.1765,5311.1176,crop_8,1523.4118,3589.2941,crop_8,973.7059,1547.1176,crop_8
crop_0,1768.7647,2702.6471,crop_0,723.7059,4801.1765,crop_0,1735.8235,354.1176,crop_0
crop_1,368.2941,2536.7059,crop_1,5781.6471,5304.7059,crop_1,2387.6471,3506.9412,crop_1
crop_2,2920.1765,1594.7647,crop_2,2914.9412,2819.1176,crop_2,232.7647,4263.9412,crop_2
crop_3,2699.5882,363.0588,crop_3,273.7647,1080.1176,crop_3,1499.5882,5667.2353,crop_3
crop_4,1161.7647,3287.1176,crop_4,4231.2941,1603.4706,crop_4,1370.1765,1023.0588,crop_4
crop_5,1847.0588,4845.1765,crop_5,3739.7647,2130.5294,crop_5,4113.7059,1031.8235,crop_5
crop_6,300.9412,5653.5294,crop_6,833.2941,2015.4706,crop_6,627.7059,1599.0588,crop_6
crop_7,2818.6471,578.0000,crop_7,2085.7647,3158.0588,crop_7,2106.9412,788.7647,crop_7
crop_8,2243.9412,3042.1765,crop_8,3569.5882,1754.1765,crop_8,5720.8824,928.7647,crop_8
crop_0,3900.1765,500.0000,crop_0,1827.8824,4249.3529,crop_0,3098.0588,1082.5882,crop_0
crop_1,506.4706,3327.1765,crop_1,443.3529,3702.0588,crop_1,5619.5882,316.0000,crop_1
crop_2,3328.4118,4729.2941,crop_2,3089.6471,4662.7647,crop_2,2868.0000,202.7059,crop_2
crop_3,1958.2941,24.2941,crop_3,3730.6471,17.7059,crop_3,1460.8235,2759.5294,crop_3
crop_4,255.5294,5552.7059,crop_4,3001.8235,3983.8824,crop_4,4145.8824,5816.9412,crop_4
crop_5,767.2353,1285.5294,crop_5,1179.8824,2535.8824,crop_5,4501.7059,5172.2941,crop_5
crop_6,5705.4706,5577.8824,crop_6,2404.7059,2349.7647,crop_6,181.9412,3360.4706,crop_6
crop_7,1173.6471,3397.4118,crop_7,3174.3529,3181.8235,crop_7,5612.4118,2918.4706,crop_7
crop_8,264.5294,1578.5882,crop_8,487.7059,4599.5882,crop_8,1241.7059,3234.2941,crop_8
crop_0,677.0588,2720.7647,crop_0,2364.9412,4293.7647,crop_0,3417.0000,3833.0588,crop_0
crop_1,4513.4118,2018.1176,crop_1,3675.0588,2128.7647,crop_1,5682.4706,2535.8824,crop_1
crop_2,5359.5882,1067.4118,crop_2,3222.5294,4401.1765,crop_2,2833.5882,3121.0000,crop_2
crop_3,2309.5882,3027.1176,crop_3,4155.8235,2961.2941,crop_3,391.2941,3923.1765,crop_3
crop_4,2730.0000,3026.8235,crop_4,3697.6471,4246.1176,crop_4,3221.3529,2931.7647,crop_4
crop_5,912.0588,441.4118,crop_5,5317.8824,4907.1176,crop_5,2088.4118,2900.4118,crop_5
crop_6,292.8824,2128.8235,crop_6,891.3529,4848.7059,crop_6,2583.8824,5738.1765,crop_6
crop_7,3490.7059,408.1765,crop_7,2855.8824,3769.4118,crop_7,4270.1176,5436.2353,crop_7
crop_8,3776.4706,1556.3529,crop_8,3920.9412,2383.8824,crop_8,4560.7059,5833.2941,crop_8
crop_0,1428.2941,1191.7647,crop_0,4357.1176,4892.5882,crop_0,4350.5882,4067.0000,crop_0
crop_1,5537.1176,2894.1765,crop_1,655.8235,2126.2353,crop_1,4894.2353,5760.5294,crop_1
crop_2,5261.9412,5735.2353,crop_2,2502.3529,4157.8235,crop_2,2918.7059,677.4118,crop_2
crop_3,4224.5882,1581.9412,crop_3,4919.0000,558.2941,crop_3,4728.7647,3186.2353,crop_3
crop_4,2579.8824,1125.3529,crop_4,200.0000,4315.2353,crop_4,1741.9412,1959.2941,crop_4
crop_5,4953.2353,3496.5294,crop_5,4171.2941,4102.1176,crop_5,420.0588,592.3529,crop_5
crop_6,2348.6471,3631.4706,crop_6,1632.2941,142.2941,crop_6,3641.4706,5643.3529,crop_6
crop_7,2921.0000,1201.5882,crop_7,2436.0588,604.2353,crop_7,5098.5294,2515.1176,crop_7
crop_8,3379.1765,3477.5882,crop_8,866.6471,2302.9412,crop_8,204.8824,5787.7647,crop_8
crop_0,5031.0000,5308.3529,crop_0,3771.3529,2231.5294,crop_0,1474.4118,592.5882,crop_0
crop_1,3631.2941,5621.2353,crop_1,383.6471,3376.2353,crop_1,1951.1765,4951.2941,crop_1
crop_2,2625.5882,245.2353,crop_2,4980.8824,5735.0000,crop_2,1637.6471,5075.4706,crop_2
crop_3,1622.0000,4471.5294,crop_3,3499.3529,669.7059,crop_3,3608.8824,10.1176,crop_3
crop_4,1706.6471,4785.1765,crop_4,4807.0588,5199.9412,crop_4,5466.2353,5737.4118,crop_4
crop_5,4555.5882,5022.4706,crop_5,1308.9412,33.0588,crop_5,4967.3529,2366.2353,crop_5
crop_6,4557.2353,2076.7647,crop_6,4973.8235,3185.8235,crop_6,4725.2941,4921.8824,crop_6
crop_7,1365.8235,5642.5882,crop_7,1513.9412,4926.9412,crop_7,4691.7059,5312.6471,crop_7
crop_8,3471.5882,119.9412,crop_8,523.4706,1120.0588,crop_8,3333.8824,1413.0588,crop_8
crop_0,983.1176,2593.2353,crop_0,1261.0000,959.5882,crop_0,1955.7059,4581.5882,crop_0
crop_1,567.0000,5691.9412,crop_1,698.5882,4009.1765,crop_1,5428.9412,5776.5294,crop_1
crop_2,3821.1765,2055.5882,crop_2,2420.8235,3194.0000,crop_2,1527.1176,616.5294,crop_2
crop_3,619.7059,3950.6471,crop_3,416.1176,4550.4706,crop_3,1661.8235,2357.2353,crop_3
crop_4,3103.7647,1236.2353,crop_4,3591.7059,2143.6471,crop_4,165.1176,5657.7059,crop_4
crop_5,37.5294,2894.5294,crop_5,3930.7059,5111.9412,crop_5,3887.5294,97.1765,crop_5
crop_6,4944.4118,1564.4118,crop_6,5694.1176,446.4706,crop_6,5138.7059,5467.8235,crop_6
crop_7,4682.6471,2045.6471,crop_7,2214.2353,1983.2941,crop_7,1666.8824,4050.1176,crop_7
crop_8,5023.5882,1004.9412,crop_8,3125.1765,1173.0000,crop_8,3890.3529,4638.5882,crop_8
crop_0,935.2353,3001.3529,crop_0,2684.1765,3519.2941,crop_0,500.7059,2759.1176,crop_0
crop_1,3920.1765,2872.5882,crop_1,3949.8824,1907.4118,crop_1,3385.8235,5811.3529,crop_1
crop_2,5050.2941,1798.0588,crop_2,3033.0000,3035.0588,crop_2,1400.2353,697.7059,crop_2
crop_3,1203.4118,750.5294,crop_3,1787.2941,495.9412,crop_3,5655.4706,2245.2941,crop_3
crop_4,4778.4118,3571.6471,crop_4,1393.0588,5228.4706,crop_4,2063.1176,1642.2941,crop_4
crop_5,3037.5882,4589.0000,crop_5,2267.3529,684.8235,crop_5,4370.4118,567.0588,crop_5
crop_6,1265.4706,3003.8235,crop_6,3184.3529,5071.8235,crop_6,3012.9412,824.2941,crop_6
crop_7,5047.1176,1428.5882,crop_7,4724.7059,3008.9412,crop_7,3902.8824,841.0588,crop_7
crop_8,5110.1176,2148.8235,crop_8,3842.5882,700.6471,crop_8,3111.0588,5722.0588,crop_8
crop_0,324.4118,3538.2353,crop_0,4993.6471,1143.6471,crop_0,1245.9412,3960.0000,crop_0
crop_1,3443.1765,2126.4706,crop_1,206.0000,1205.2941,crop_1,5712.1176,3968.1765,crop_1
crop_2,4733.2353,3186.8824,crop_2,5804.1765,2112.6471,crop_2,4396.8824,1537.9412,crop_2
crop_3,5080.0000,24.7647,crop_3,267.9412,1827.2353,crop_3,897.2941,4242.5882,crop_3
crop_4,2489.4118,140.7647,crop_4,2772.2941,2373.8824,crop_4,60.8235,859.1176,crop_4
crop_5,5705.5882,4125.5294,crop_5,3483.1765,3694.0000,crop_5,528.5882,3360.8824,crop_5
crop_6,3635.0000,2167.7059,crop_6,4768.2941,3816.8235,crop_6,1245.2941,1030.8235,crop_6
crop_7,4012.1176,5064.9412,crop_7,2700.0588,5188.0588,crop_7,4786.9412,3046.4706,crop_7
crop_8,4747.2353,4858.0000,crop_8,2477.4706,5550.0588,crop_8,3018.1176,4988.0588,crop_8
crop_0,2494.2353,579.7059,crop_0,1352.4706,3506.6471,crop_0,1216.7647,4426.8824,crop_0
crop_1,5426.1765,382.1765,crop_1,339.3529,4268.8824,crop_1,1843.4118,1548.7059,crop_1
crop_2,4259.4706,4899.1765,crop_2,3552.6471,4870.4706,crop_2,5161.2941,3226.8824,crop_2
crop_3,145.1176,311.0000,crop_3,1884.8235,3342.0588,crop_3,1015.6471,5119.7647,crop_3
crop_4,580.3529,3197.2353,crop_4,791.8824,1078.5882,crop_4,4674.5882,2130.8824,crop_4
crop_5,4525.0000,3912.7059,crop_5,3912.4706,2361.1176,crop_5,2933.5294,4389.2941,crop_5
crop_6,415.9412,2921.7647,crop_6,5117.7647,2430.0588,crop_6,3616.1765,1929.7647,crop_6
crop_7,1865.7647,4306.8824,crop_7,4040.6471,3658.3529,crop_7,4731.7059,1435.3529,crop_7
crop_8,5867.9412,1800.1176,crop_8,1640.5882,4756.4118,crop_8,4271.7059,3053.5882,crop_8
crop_0,446.3529,5346.0000,crop_0,2897.5882,4987.4706,crop_0,4367.1176,5092.6471,crop_0
crop_1,3152.3529,1983.2353,crop_1,2653.3529,1510.7647,crop_1,3698.3529,1260.1765,crop_1
crop_2,665.8235,783.4706,crop_2,1295.4118,2352.0000,crop_2,464.3529,2665.0588,crop_2
crop_3,2128.7059,2030.0000,crop_3,1252.6471,327.5294,crop_3,5364.2353,56.1765,crop_3
crop_4,2221.3529,154.1176,crop_4,186.4118,3871.9412,crop_4,2279.4118,3253.5294,crop_4
crop_5,4268.6471,468.5882,crop_5,2592.2941,5659.0000,crop_5,5647.9412,3058.0588,crop_5
crop_6,1864.7647,441.8824,crop_6,2365.1176,2660.8235,crop_6,5701.3529,2891.0588,crop_6
crop_7,4898.7059,3572.9412,crop_7,3265.2353,4567.1176,crop_7,2445.4706,2935.8824,crop_7
crop_8,1637.8824,1762.6471,crop_8,2741.2353,1616.4118,crop_8,276.9412,3627.1176,crop_8
crop_0,4184.7059,3642.1176,crop_0,2381.0000,1908.2353,crop_0,4204.4706,5555.9412,crop_0
crop_1,4250.6471,3228.0000,crop_1,1202.0000,2854.3529,crop_1,2618.8824,5704.4706,crop_1
crop_2,4474.8824,209.7647,crop_2,2088.1176,2635.4706,crop_2,1740.1176,5075.4706,crop_2
crop_3,5113.8235,5525.5882,crop_3,2229.9412,4941.6471,crop_3,2587.1176,321.5294,crop_3
crop_4,1447.9412,3845.1765,crop_4,1620.5294,2659.8824,crop_4,4386.5882,2688.5882,crop_4
crop_5,5331.4118,4710.0000,crop_5,709.5294,3755.0000,crop_5,47.7059,2002.4118,crop_5
crop_6,3230.6471,2134.8235,crop_6,5488.3529,1143.5882,crop_6,1941.0588,2908.2353,crop_6
crop_7,2603.7059,2552.3529,crop_7,3310.7647,444.7647,crop_7,119.8235,5474.6471,crop_7
crop_8,483.8824,2.9412,crop_8,55.4706,489.3529,crop_8,3915.7647,3937.6471,crop_8
crop_0,3323.3529,5200.5882,crop_0,873.9412,54.1765,crop_0,2264.5294,2346.2941,crop_0
crop_1,4886.3529,4950.8235,crop_1,3968.5882,3235.5882,crop_1,2727.1765,898.3529,crop_1
crop_2,1192.2353,1793.0000,crop_2,2836.7059,3512.9412,crop_2,3836.1176,660.5294,crop_2
crop_3,4819.8235,5762.1765,crop_3,3601.8824,5461.8824,crop_3,390.7059,15.8824,crop_3
crop_4,766.9412,2765.6471,crop_4,2948.8824,4115.6471,crop_4,4501.9412,3990.6471,crop_4
crop_5,3085.5294,2919.2353,crop_5,5861.0000,5285.1765,crop_5,345.2941,422.2353,crop_5
crop_6,5818.5882,4519.1176,crop_6,727.0588,630.2353,crop_6,2112.8235,1627.2353,crop_6
crop_7,1801.4706,3438.1176,crop_7,1897.0000,1554.7059,crop_7,866.7647,4182.0588,crop_7
crop_8,429.7647,839.4118,crop_8,1136.0000,3838.1765,crop_8,1472.1765,3349.8235,crop_8
crop_0,5709.4118,1220.8235,crop_0,4185.5882,2860.2353,crop_0,2378.9412,5761.5882,crop_0
crop_1,1330.8824,2330.8824,crop_1,2734.9412,3554.7647,crop_1,4811.0000,5431.1765,crop_1
crop_2,4210.9412,2109.9412,crop_2,1267.4706,5017.5882,crop_2,1049.4706,524.6471,crop_2
crop_3,806.7059,4542.2353,crop_3,4706.9412,5057.2353,crop_3,4202.9412,776.8824,crop_3
crop_4,3961.3529,1133.5294,crop_4,383.1176,1074.9412,crop_4,5252.4118,5823.5882,crop_4
crop_5,3788.5294,3343.5294,crop_5,1167.4118,156.9412,crop_5,2630.9412,274.2353,crop_5
crop_6,5460.5882,3280.9412,crop_6,4987.9412,4527.1176,crop_6,658.7647,1266.6471,crop_6
crop_7,1734.8235,1552.3529,crop_7,3828.5882,3595.7647,crop_7,3584.4706,3995.3529,crop_7
crop_8,3549.5294,879.4118,crop_8,3599.0588,1536.8824,crop_8,3585.9412,333.0000,crop_8
crop_0,859.7059,708.5294,crop_0,3080.3529,2476.8824,crop_0,4158.7647,5104.1765,crop_0
crop_1,5517.0000,4812.1176,crop_1,3595.9412,1767.4118,crop_1,4638.1765,4735.0588,crop_1
crop_2,3858.3529,2375.4118,crop_2,5552.4118,4548.2941,crop_2,4636.2941,5343.1176,crop_2
crop_3,5119.4706,999.8235,crop_3,1168.2353,2656.4118,crop_3,5604.8824,2406.8235,crop_3
crop_4,1144.7647,1708.1765,crop_4,4114.8824,3469.4706,crop_4,4240.8824,3355.6471,crop_4
crop_5,2404.5294,3268.9412,crop_5,5597.6471,5055.3529,crop_5,2155.8824,1670.5294,crop_5
crop_6,3179.8824,2531.9412,crop_6,4294.8235,1329.0000,crop_6,5518.7647,640.0000,crop_6
crop_7,1062.7647,1754.2353,crop_7,3658.0588,4198.7647,crop_7,4942.0000,1150.7647,crop_7
crop_8,1111.7647,3661.7059,crop_8,3398.7647,1566.1765,crop_8,3118.9412,5015.1765,crop_8
crop_0,5653.5294,675.2941,crop_0,1405.4706,276.2353,crop_0,184.1765,330.6471,crop_0
crop_1,4513.6471,1068.8824,crop_1,4797.8235,3761.4706,crop_1,617.3529,1926.3529,crop_1
crop_2,1124.7059,1578.0588,crop_2,1555.7647,1193.2353,crop_2,4601.6471,2946.8824,crop_2
crop_3,4240.0000,655.6471,crop_3,5302.0000,1697.0588,crop_3,4574.4118,1686.0000,crop_3
crop_4,3180.8235,4526.5882,crop_4,677.4706,3536.9412,crop_4,1344.4706,4013.9412,crop_4
crop_5,2907.7059,5213.3529,crop_5,267.7059,5123.8824,crop_5,3871.0588,4572.1176,crop_5
crop_6,2481.8235,1415.1176,crop_6,1479.3529,5435.2941,crop_6,1407.2353,1294.5882,crop_6
crop_7,1992.1176,2788.1176,crop_7,1691.7647,3350.7059,crop_7,128.1176,4333.5294,crop_7
crop_8,833.5294,4450.4118,crop_8,3320.2353,3388.3529,crop_8,1094.7647,2177.0000,crop_8
crop_0,5825.4706,4378.0000,crop_0,1809.8824,2037.0000,crop_0,432.9412,925.5294,crop_0
crop_1,5053.2353,708.5882,crop_1,1667.0000,3172.8824,crop_1,2102.4706,2900.6471,crop_1
crop_2,4902.6471,3821.3529,crop_2,615.7059,1386.2353,crop_2,4212.1765,2838.5882,crop_2
crop_3,2192.1765,2467.0588,crop_3,2250.4706,726.9412,crop_3,714.2941,5312.2941,crop_3
crop_4,3002.2353,4461.9412,crop_4,5775.0588,1643.0588,crop_4,4697.5882,2095.0588,crop_4
crop_5,5112.0000,4748.7647,crop_5,4902.4706,3294.7647,crop_5,4414.8824,2016.4706,crop_5
crop_6,674.1176,5167.8824,crop_6,2854.3529,2470.0000,crop_6,2952.2941,10.0588,crop_6
crop_7,520.6471,3176.0588,crop_7,2399.5294,1425.8235,crop_7,853.8235,3958.4118,crop_7
crop_8,190.7647,553.1765,crop_8,2600.2941,21.8824,crop_8,2300.9412,1561.5882,crop_8
crop_0,2937.7059,2942.8235,crop_0,962.7059,2129.8824,crop_0,5128.5882,2138.1176,crop_0
crop_1,2977.1176,5398.1176,crop_1,4332.7647,1273.1176,crop_1,2516.0000,1937.2941,crop_1
crop_2,5514.0588,4932.6471,crop_2,3503.8824,2165.6471,crop_2,5301.1765,5779.1176,crop_2
crop_3,2036.5882,3359.2353,crop_3,4250.4118,2741.4118,crop_3,656.9412,5221.0588,crop_3
crop_4,828.4706,317.8824,crop_4,4398.4118,4399.4118,crop_4,975.9412,537.8824,crop_4
crop_5,5069.9412,3152.7647,crop_5,5577.5294,5091.8235,crop_5,5109.2353,4631.8824,crop_5
crop_6,1782.3529,2217.4118,crop_6,1484.4706,4592.9412,crop_6,4624.2353,2375.7059,crop_6
crop_7,4901.1176,2619.2353,crop_7,1863.4118,2254.3529,crop_7,1897.2941,469.7647,crop_7
crop_8,5059.8824,1750.5882,crop_8,5147.8824,937.8235,crop_8,3363.0588,2780.2941,crop_8
crop_0,4987.2353,445.7647,crop_0,1540.8235,2749.8235,crop_0,4836.8235,462.9412,crop_0
crop_1,1775.8235,3226.2353,crop_1,584.5294,4688.1765,crop_1,2523.9412,2324.0000,crop_1
crop_2,4833.1176,5346.1176,crop_2,1177.8824,5636.2941,crop_2,5167.7647,4087.4118,crop_2
crop_3,3656.7059,5414.0588,crop_3,1542.5882,5555.9412,crop_3,4519.2941,4694.1765,crop_3
crop_4,4073.8824,765.7647,crop_4,3873.4118,4378.2941,crop_4,5193.4706,3282.0588,crop_4
crop_5,1002.3529,1070.8235,crop_5,968.7647,2921.1765,crop_5,424.7647,3477.1765,crop_5
crop_6,239.1765,1556.8235,crop_6,380.0588,59.8235,crop_6,563.7059,1615.4706,crop_6
crop_7,3021.5294,4358.9412,crop_7,402.2941,4339.0588,crop_7,2655.2941,1189.2353,crop_7
crop_8,3883.6471,3174.4118,crop_8,3232.8824,3429.1176,crop_8,2718.7647,2137.7647,crop_8
crop_0,2767.2353,2282.4706,crop_0,212.3529,4771.5294,crop_0,5758.0000,278.5294,crop_0
crop_1,2291.7059,2385.4706,crop_1,3137.8235,4331.7647,crop_1,5678.4706,971.5294,crop_1
crop_2,3079.8824,1426.2941,crop_2,2404.0000,997.5882,crop_2,2502.1765,1298.7059,crop_2
crop_3,4669.7647,328.7059,crop_3,5596.3529,1736.4706,crop_3,3651.2353,3127.6471,crop_3
crop_4,2009.6471,4870.5882,crop_4,2421.5882,1297.9412,crop_4,2498.8235,2350.4118,crop_4
crop_5,2710.8235,4160.0588,crop_5,5746.8824,2502.1176,crop_5,5801.0000,5677.8824,crop_5
crop_6,2809.0000,4171.6471,crop_6,3046.7647,1702.9412,crop_6,2150.3529,2117.0000,crop_6
crop_7,4279.1765,5346.7647,crop_7,2236.4706,2096.1765,crop_7,3181.5882,678.2353,crop_7
crop_8,2100.9412,4254.0000,crop_8,3180.3529,3617.2353,crop_8,59.2353,4574.5294,crop_8
crop_0,5797.1176,1960.2353,crop_0,3788.9412,4770.4118,crop_0,1143.8235,2724.3529,crop_0
crop_1,4561.5882,1422.8824,crop_1,1861.4706,4556.4118,crop_1,4754.5294,5231.0588,crop_1
crop_2,880.5882,3410.3529,crop_2,3173.7059,196.3529,crop_2,3897.4706,1381.6471,crop_2
crop_3,3250.0588,2757.8235,crop_3,3526.5882,1204.5294,crop_3,4531.4706,3076.8824,crop_3
crop_4,3154.5882,4845.8824,crop_4,954.7647,4508.5294,crop_4,1409.0000,191.4706,crop_4
crop_5,2942.4118,2490.1176,crop_5,4677.4706,5619.1765,crop_5,4541.5882,5869.1176,crop_5
crop_6,2467.7647,3198.1176,crop_6,3810.8824,2611.8235,crop_6,4532.0000,2286.9412,crop_6
crop_7,1298.7059,473.1176,crop_7,1576.9412,4650.4706,crop_7,4224.8235,3196.8824,crop_7
crop_8,5706.2353,1207.1176,crop_8,4695.7647,2407.8824,crop_8,918.0000,5325.8824,crop_8
crop_0,784.5294,1583.9412,crop_0,5692.0000,1769.9412,crop_0,5308.1765,4462.8235,crop_0
crop_1,2961.9412,1881.4118,crop_1,1382.0000,1702.0000,crop_1,4530.3529,2519.3529,crop_1
crop_2,1142.5882,1838.6471,crop_2,4883.2941,3131.0000,crop_2,1722.7059,263.9412,crop_2
crop_3,5584.0588,2029.4118,crop_3,2599.3529,3753.9412,crop_3,3373.0000,3387.9412,crop_3
crop_4,1085.2941,2252.8824,crop_4,3268.9412,1906.5294,crop_4,5397.5882,1654.0588,crop_4
crop_5,4957.8235,652.4118,crop_5,1799.5294,724.2941,crop_5,2871.7059,4251.2941,crop_5
crop_6,475.3529,5390.7647,crop_6,3134.6471,2763.2941,crop_6,4620.4706,2873.9412,crop_6
crop_7,3954.0588,4334.5294,crop_7,5260.8235,4614.0000,crop_7,1819.7059,1741.0000,crop_7
crop_8,3096.1176,3489.4118,crop_8,32.1176,4115.7059,crop_8,3904.4118,1783.6471,crop_8
crop_0,3019.4118,4913.4706,crop_0,3225.2353,4066.7059,crop_0,1634.8824,2284.2353,crop_0
crop_1,3207.6471,339.3529,crop_1,3346.0588,263.8235,crop_1,673.8235,3822.5882,crop_1
crop_2,1225.9412,5231.8824,crop_2,5539.0588,2593.5882,crop_2,4756.8235,2645.6471,crop_2
crop_3,2603.2941,181.2941,crop_3,1173.4118,4378.5882,crop_3,5817.1765,1904.3529,crop_3
crop_4,3542.0000,3482.1765,crop_4,3304.5294,5778.1176,crop_4,4741.9412,231.0588,crop_4
crop_5,5322.7647,4788.9412,crop_5,4115.7059,4859.8824,crop_5,865.9412,3999.4706,crop_5
crop_6,1762.7059,3008.0588,crop_6,3404.2353,52.2941,crop_6,5084.2353,3020.6471,crop_6
crop_7,616.0000,1580.6471,crop_7,1313.6471,5862.7647,crop_7,1490.3529,869.0000,crop_7
crop_8,4938.6471,182.8824,crop_8,4614.9412,423.1176,crop_8,1255.4118,1877.4118,crop_8
crop_0,1005.5294,2927.5294,crop_0,2668.9412,2367.0000,crop_0,694.3529,991.7059,crop_0
crop_1,4132.5294,3462.1176,crop_1,2012.7647,321.5882,crop_1,2919.7059,3927.6471,crop_1
crop_2,5570.4118,5416.4118,crop_2,5603.2941,1230.5294,crop_2,356.8824,5269.8235,crop_2
crop_3,4360.3529,1544.7647,crop_3,1176.5882,733.1765,crop_3,1849.8824,2308.1765,crop_3
crop_4,4457.0000,3352.2353,crop_4,727.5294,5609.8824,crop_4,3221.0000,2275.0000,crop_4
crop_5,5462.7647,3283.2941,crop_5,701.4118,304.8235,crop_5,377.2353,2342.2353,crop_5
crop_6,3914.2941,5496.6471,crop_6,5462.6471,1591.8824,crop_6,2491.1176,3693.6471,crop_6
crop_7,4888.0000,1686.4118,crop_7,4959.0000,2027.5882,crop_7,2126.0000,2904.0000,crop_7
crop_8,5257.2353,309.2353,crop_8,3357.7647,1149.0000,crop_8,424.2941,1569.4706,crop_8
crop_0,5514.7647,1861.8235,crop_0,558.1176,5456.5294,crop_0,425.8824,5579.4706,crop_0
crop_1,4783.2941,1817.2941,crop_1,1353.0000,5067.1176,crop_1,5379.7647,3453.1176,crop_1
crop_2,3791.2353,3193.8824,crop_2,1779.3529,3020.1176,crop_2,41.8824,2416.0588,crop_2
crop_3,635.0588,1896.1176,crop_3,4208.7059,3514.2941,crop_3,2269.6471,1960.6471,crop_3
crop_4,4512.8824,4356.8235,crop_4,745.0000,1057.3529,crop_4,1297.8235,4676.0588,crop_4
crop_5,1382.6471,2511.2941,crop_5,991.2941,229.4706,crop_5,3151.6471,4030.3529,crop_5
crop_6,639.6471,1703.2941,crop_6,926.4118,131.4118,crop_6,4572.5882,3442.4706,crop_6
crop_7,3420.6471,2133.9412,crop_7,1784.1176,1715.5294,crop_7,1734.2941,4200.8235,crop_7
crop_8,4097.3529,2823.1765,crop_8,1598.7059,2517.7059,crop_8,3441.2353,1770.5294,crop_8
crop_0,4832.5882,1432.4706,crop_0,4272.7647,1914.2353,crop_0,4234.7059,877.0588,crop_0
crop_1,2521.8235,4850.7059,crop_1,62.2353,4234.8824,crop_1,5423.4706,626.8824,crop_1
crop_2,2013.5294,1796.0588,crop_2,2813.7647,2789.1176,crop_2,2657.4706,5479.1176,crop_2
crop_3,3329.4118,4058.9412,crop_3,5326.1765,4231.3529,crop_3,276.7059,2270.0000,crop_3
crop_4,3025.7059,3004.8235,crop_4,174.1765,1193.4706,crop_4,3513.0000,4089.5882,crop_4
crop_5,614.9412,4665.0000,crop_5,5168.2353,3908.4118,crop_5,2040.8824,2507.0588,crop_5
crop_6,507.4706,533.4706,crop_6,4758.1176,4052.2941,crop_6,3084.4706,1385.5294,crop_6
crop_7,382.9412,5657.7059,crop_7,5424.4118,1425.2941,crop_7,4524.0588,3860.4706,crop_7
crop_8,3402.7059,1822.4706,crop_8,2059.9412,2900.0000,crop_8,1309.9412,2039.8235,crop_8
crop_0,5649.5294,300.7059,crop_0,3549.0588,5197.3529,crop_0,4911.0000,2054.7059,crop_0
crop_1,732.3529,251.1765,crop_1,4292.4706,1039.8235,crop_1,3256.3529,5677.2353,crop_1
crop_2,1317.9412,3165.9412,crop_2,3049.1176,2048.7647,crop_2,1727.0588,1212.5882,crop_2
crop_3,28.2353,1253.2941,crop_3,3318.8235,3980.4118,crop_3,3289.7059,208.4118,crop_3
crop_4,971.7647,3096.1765,crop_4,2830.0000,886.7647,crop_4,293.9412,189.5294,crop_4
crop_5,5765.0000,1777.0588,crop_5,4102.7647,1248.7059,crop_5,30.3529,4887.4706,crop_5
crop_6,5683.5882,5216.7647,crop_6,2102.0588,880.4118,crop_6,4024.4118,3282.2353,crop_6
crop_7,794.2353,5245.0000,crop_7,2240.9412,1667.7059,crop_7,4305.7647,2262.1765,crop_7
crop_8,870.7647,2761.0000,crop_8,73.0588,1553.8235,crop_8,3452.0000,381.7647,crop_8
crop_0,5117.7059,1608.1765,crop_0,4405.8824,540.2941,crop_0,1055.5294,4821.1176,crop_0
crop_1,2659.5294,875.7059,crop_1,3431.2353,1108.2941,crop_1,5044.7647,555.0588,crop_1
crop_2,1721.9412,287.0588,crop_2,4308.7059,2149.0588,crop_2,179.7647,4708.2353,crop_2
crop_3,4117.8824,2899.0000,crop_3,687.0000,237.5294,crop_3,1756.8824,3091.1765,crop_3
crop_4,2473.9412,4024.2353,crop_4,3261.0000,202.8824,crop_4,4048.5882,2452.5882,crop_4
crop_5,1574.8235,2750.5882,crop_5,1002.1176,3915.7647,crop_5,2227.1176,4364.5294,crop_5
crop_6,2253.3529,3659.1765,crop_6,3462.1176,345.0000,crop_6,4797.3529,296.3529,crop_6
crop_7,5775.3529,4048.5882,crop_7,4798.2353,5508.2941,crop_7,1824.4118,1301.1176,crop_7
crop_8,17.1765,227.0000,crop_8,4551.2941,1990.1765,crop_8,3670.2353,2640.5294,crop_8
crop_0,2123.1765,4361.8824,crop_0,4773.2353,5021.3529,crop_0,3757.1765,1905.4118,crop_0
crop_1,4051.0588,1996.7647,crop_1,2655.5882,3241.5294,crop_1,2712.6471,5155.9412,crop_1
crop_2,3226.3529,3554.0588,crop_2,5151.7059,4120.1765,crop_2,3881.2353,1219.1765,crop_2
crop_3,1876.2941,2364.8824,crop_3,156.5294,4440.6471,crop_3,96.7059,2418.4118,crop_3
crop_4,3258.0000,2107.0000,crop_4,3037.1176,1613.9412,crop_4,1805.0588,1997.7059,crop_4
crop_5,5835.7059,3284.8824,crop_5,3843.8824,991.2353,crop_5,3426.8824,5504.8824,crop_5
crop_6,1647.7059,2072.2941,crop_6,37.8824,2166.5882,crop_6,4643.1765,2536.9412,crop_6
crop_7,208.5294,1564.2353,crop_7,3880.9412,386.4118,crop_7,5185.6471,3126.8824,crop_7
crop_8,3746.7059,5827.5294,crop_8,969.0588,5051.7647,crop_8,4110.0588,3596.0588,crop_8
crop_0,4300.9412,614.1176,crop_0,1767.7647,1367.7059,crop_0,1782.7059,3539.1176,crop_0
crop_1,3312.8824,1259.7647,crop_1,2103.2353,40.1765,crop_1,4057.9412,4437.6471,crop_1
crop_2,4869.2353,5001.5882,crop_2,1330.8824,2923.0000,crop_2,5311.8235,1437.4118,crop_2
crop_3,2872.2353,588.3529,crop_3,3113.7647,143.2941,crop_3,4325.9412,4293.8235,crop_3
crop_4,5525.1176,1950.7647,crop_4,4317.7059,31.8235,crop_4,116.4118,317.3529,crop_4
crop_5,2600.9412,2906.7059,crop_5,1829.9412,3732.2941,crop_5,1587.2941,712.5294,crop_5
crop_6,5719.7647,4959.4118,crop_6,307.3529,3957.0000,crop_6,4752.8235,5159.4118,crop_6
crop_7,441.6471,80.2941,crop_7,606.1765,1724.0588,crop_7,3666.4706,5707.7647,crop_7
crop_8,2981.4118,1417.4118,crop_8,5365.0588,5722.0000,crop_8,5432.6471,3706.4118,crop_8
crop_0,1214.9412,5577.1765,crop_0,4947.0588,371.0588,crop_0,2995.2941,5427.1765,crop_0
crop_1,4109.8824,2346.9412,crop_1,2629.2353,1855.6471,crop_1,1808.5294,3519.8824,crop_1
crop_2,4627.9412,769.4118,crop_2,3849.0000,108.4118,crop_2,1380.8824,880.1176,crop_2
crop_3,1341.8235,2408.8824,crop_3,1442.7647,1128.0588,crop_3,1602.5882,2010.2353,crop_3
crop_4,4720.1176,1972.2353,crop_4,2271.9412,2190.2941,crop_4,4070.4118,3296.5294,crop_4
crop_5,2513.8235,3076.2941,crop_5,1107.4118,2847.5294,crop_5,5507.7059,804.4706,crop_5
crop_6,3488.7647,1253.0000,crop_6,364.7647,2862.3529,crop_6,4080.2941,2273.3529,crop_6
crop_7,5183.2353,2162.4118,crop_7,371.5882,1170.5882,crop_7,878.8235,5658.5294,crop_7
crop_8,728.0588,2153.9412,crop_8,720.8235,4015.3529,crop_8,4951.2941,5589.9412,crop_8
crop_0,4818.1765,5575.6471,crop_0,1830.5882,2657.5882,crop_0,20.7647,1212.4706,crop_0
crop_1,4471.1176,4675.3529,crop_1,507.9412,58.3529,crop_1,5064.8235,3186.0000,crop_1
crop_2,3864.8824,1876.6471,crop_2,4357.0000,1222.8235,crop_2,3811.8824,3679.6471,crop_2
crop_3,3143.7647,908.5294,crop_3,88.1765,3434.1176,crop_3,3468.8235,5102.7059,crop_3
crop_4,3822.0000,1535.4706,crop_4,3440.7059,5292.5294,crop_4,1058.1765,3680.4118,crop_4
crop_5,487.9412,4095.6471,crop_5,4134.1765,1282.0588,crop_5,681.1176,504.0000,crop_5
crop_6,5641.1176,2879.4118,crop_6,2435.8824,2007.4118,crop_6,4227.7059,462.8824,crop_6
crop_7,828.5882,3539.4706,crop_7,3395.2941,279.4118,crop_7,4368.5882,863.8235,crop_7
crop_8,1331.0588,1864.1176,crop_8,5063.2941,2763.6471,crop_8,1796.7647,5478.2353,crop_8
crop_0,1923.0588,5332.9412,crop_0,4979.0588,2319.5882,crop_0,1965.6471,203.8824,crop_0
crop_1,1999.3529,2768.0588,crop_1,4991.0000,3492.0588,crop_1,4054.4706,1736.0588,crop_1
crop_2,3906.4706,399.5294,crop_2,2659.3529,5078.7059,crop_2,3635.7647,4947.1765,crop_2
crop_3,5202.0588,1625.4706,crop_3,1825.1176,4183.0588,crop_3,4691.2353,596.8824,crop_3
crop_4,2333.8235,5077.5294,crop_4,3831.6471,2004.0000,crop_4,244.0000,3436.9412,crop_4
crop_5,3051.0000,1610.0000,crop_5,1111.0000,811.4118,crop_5,3271.7647,4509.8235,crop_5
crop_6,318.4706,3326.4706,crop_6,4321.0000,724.6471,crop_6,1449.7647,2402.1176,crop_6
crop_7,2144.1765,4118.6471,crop_7,2539.0000,316.0588,crop_7,5234.7059,3204.2941,crop_7
crop_8,1248.6471,4751.3529,crop_8,1543.6471,514.6471,crop_8,3886.6471,3361.2941,crop_8
crop_0,5685.0000,1092.2353,crop_0,2907.5882,1152.9412,crop_0,970.1765,4289.3529,crop_0
crop_1,4441.1765,5525.8235,crop_1,5580.1765,2690.2353,crop_1,2259.7647,317.0588,crop_1
crop_2,2429.0588,1149.0000,crop_2,3323.7059,5172.8235,crop_2,2953.3529,1851.1176,crop_2
crop_3,1925.5882,3545.1176,crop_3,1568.4118,4903.4706,crop_3,5672.9412,5310.0000,crop_3
crop_4,4216.2941,1175.3529,crop_4,3995.0588,5630.4118,crop_4,4733.6471,5129.5882,crop_4
crop_5,2936.2353,5325.2941,crop_5,5065.5882,5276.2353,crop_5,1843.5882,4477.1176,crop_5
crop_6,809.4706,2074.5294,crop_6,455.3529,2148.7059,crop_6,2836.6471,3645.1176,crop_6
crop_7,4779.3529,2757.5882,crop_7,1111.6471,1922.5882,crop_7,5178.4118,21.0588,crop_7
crop_8,2086.5294,3171.2941,crop_8,1021.1176,4220.5882,crop_8,656.9412,5736.9412,crop_8
crop_0,4988.7059,4529.5882,crop_0,2602.9412,1770.4118,crop_0,5335.2941,3614.3529,crop_0
crop_1,3473.7059,4991.9412,crop_1,3592.0000,3193.5882,crop_1,5407.7647,1262.1765,crop_1
crop_2,547.1176,2345.5882,crop_2,3428.0000,1719.2353,crop_2,4723.4706,1722.2353,crop_2
crop_3,3136.9412,5030.5882,crop_3,1035.8235,5253.7647,crop_3,464.6471,3645.7647,crop_3
crop_4,4212.5294,3541.3529,crop_4,972.0000,4801.8824,crop_4,2873.0588,4073.8824,crop_4
crop_5,2465.4706,1854.0588,crop_5,4286.1765,3051.7059,crop_5,962.7059,5827.5882,crop_5
crop_6,3763.3529,3255.2353,crop_6,2456.8824,2646.4118,crop_6,2272.4118,4054.2941,crop_6
crop_7,4093.3529,1736.5882,crop_7,1818.9412,5408.2353,crop_7,5310.4706,2183.2353,crop_7
crop_8,4857.4706,2485.8235,crop_8,4991.5882,5639.8824,crop_8,2834.2353,3466.8235,crop_8
crop_0,4133.0588,4521.3529,crop_0,1337.2941,5073.7647,crop_0,4297.2941,3113.2353,crop_0
crop_1,4400.0588,2710.5882,crop_1,338.4706,769.7647,crop_1,5430.0588,1892.6471,crop_1
crop_2,1533.0588,4142.0000,crop_2,2218.1176,1812.7647,crop_2,1134.1176,1968.1176,crop_2
crop_3,2017.2353,4817.7647,crop_3,4947.9412,1152.5294,crop_3,379.5882,1536.1765,crop_3
crop_4,4377.1765,3232.5294,crop_4,734.8824,4878.0000,crop_4,3944.7059,3938.3529,crop_4
crop_5,2292.1176,2121.2353,crop_5,2924.6471,3581.3529,crop_5,4721.9412,822.5294,crop_5
crop_6,51.1765,3502.8235,crop_6,1425.5294,2888.3529,crop_6,1662.2353,5376.2941,crop_6
crop_7,3349.1176,5720.0588,crop_7,3345.3529,4522.0588,crop_7,2270.7647,3695.2941,crop_7
crop_8,2550.1765,4465.0588,crop_8,656.2353,3605.4118,crop_8,5622.7647,5508.5882,crop_8
crop_0,1448.5294,1816.2941,crop_0,2639.3529,759.0000,crop_0,302.2353,140.3529,crop_0
crop_1,5129.5294,4071.2941,crop_1,1228.9412,2505.2353,crop_1,4867.9412,1772.0000,crop_1
crop_2,4426.9412,3129.8824,crop_2,4409.2353,2932.6471,crop_2,4692.5882,1283.8235,crop_2
crop_3,1093.1176,1042.5882,crop_3,1420.5294,4775.1176,crop_3,5441.7647,1459.2941,crop_3
crop_4,4408.0588,3937.8235,crop_4,4802.1176,3519.8824,crop_4,4759.6471,426.4118,crop_4
crop_5,4668.7059,4733.1765,crop_5,2809.8235,82.2353,crop_5,1112.0588,3600.0588,crop_5
crop_6,1085.0588,3673.8235,crop_6,638.8235,4962.2941,crop_6,4886.3529,5656.0588,crop_6
crop_7,5809.3529,1579.9412,crop_7,5579.1176,1213.2353,crop_7,1334.7059,4037.7059,crop_7
crop_8,3729.2941,4267.7059,crop_8,1059.3529,3000.4118,crop_8,1430.3529,1048.4118,crop_8
crop_0,3756.9412,2231.4118,crop_0,1980.2353,5613.8824,crop_0,834.4706,3922.7059,crop_0
crop_1,2614.0588,2722.0000,crop_1,5276.2941,575.5294,crop_1,3214.8824,74.9412,crop_1
crop_2,5394.5294,4090.7647,crop_2,2260.8235,2411.6471,crop_2,369.1765,4761.7647,crop_2
crop_3,1114.2353,854.6471,crop_3,5424.2941,5838.0000,crop_3,295.6471,1389.4118,crop_3
crop_4,396.1765,1251.6471,crop_4,4975.3529,4007.3529,crop_4,2536.8824,5646.2941,crop_4
crop_5,3555.4118,5233.9412,crop_5,591.7059,1563.5294,crop_5,1008.1176,4333.7059,crop_5
crop_6,2390.9412,1504.8824,crop_6,1250.4118,3591.2941,crop_6,2860.1765,2495.5294,crop_6
crop_7,468.5294,1566.7059,crop_7,242.1765,3896.0588,crop_7,2138.9412,207.0588,crop_7
crop_8,4821.6471,995.5294,crop_8,2044.1176,990.6471,crop_8,4865.0000,3981.5294,crop_8
crop_0,1604.4118,2044.4706,crop_0,230.6471,738.2941,crop_0,3748.7647,778.4706,crop_0
crop_1,4073.5882,2119.9412,crop_1,3217.7647,2228.0588,crop_1,3728.1176,566.8824,crop_1
crop_2,203.1176,4184.3529,crop_2,1750.1176,3921.4706,crop_2,4242.2353,90.5882,crop_2
crop_3,4213.1765,2100.5882,crop_3,2292.4706,703.4706,crop_3,2443.0588,1905.0588,crop_3
crop_4,2176.7059,22.5294,crop_4,161.1765,1765.1176,crop_4,5001.2353,4285.3529,crop_4
crop_5,5470.4706,1695.1176,crop_5,3512.0588,1025.2941,crop_5,2412.7647,4811.4706,crop_5
crop_6,2733.2353,5564.1765,crop_6,4779.6471,1627.2941,crop_6,846.0588,4385.1765,crop_6
crop_7,3359.7059,2949.8235,crop_7,4801.3529,4289.4706,crop_7,2687.4118,4270.8235,crop_7
crop_8,2184.3529,4861.6471,crop_8,4793.4118,3701.1176,crop_8,5602.1765,5417.2353,crop_8
crop_0,239.4706,5751.9412,crop_0,2047.0588,3671.1176,crop_0,2605.8235,3642.6471,crop_0
crop_1,3570.9412,201.8824,crop_1,4134.0000,3014.6471,crop_1,5621.1176,3139.0588,crop_1
crop_2,79.1765,5310.0000,crop_2,4448.0588,2286.0000,crop_2,3728.5882,2345.2353,crop_2
crop_3,2443.9412,4545.4706,crop_3,1509.1176,3868.2353,crop_3,3572.2941,2041.5882,crop_3
crop_4,3931.8235,3698.4118,crop_4,2967.8824,459.9412,crop_4,5424.7059,963.1176,crop_4
crop_5,2352.5882,4015.5882,crop_5,82.7059,5577.7059,crop_5,5373.4118,4002.7647,crop_5
crop_6,3986.5294,326.1765,crop_6,1778.4706,4738.6471,crop_6,316.6471,5508.7059,crop_6
crop_7,58.0588,3586.4706,crop_7,5817.5294,2445.2353,crop_7,3168.8824,1844.0000,crop_7
crop_8,5042.3529,3357.8235,crop_8,4638.7647,5430.7059,crop_8,739.1765,2523.1176,crop_8
crop_0,3192.7059,4936.6471,crop_0,1279.6471,4109.7647,crop_0,1731.8824,2784.8235,crop_0
crop_1,3894.9412,1099.0000,crop_1,231.9412,1891.8235,crop_1,4136.7059,4852.4706,crop_1
crop_2,3296.4706,4028.0588,crop_2,5426.4118,5008.7647,crop_2,4941.0000,4237.0000,crop_2
crop_3,2887.1176,3318.7647,crop_3,3150.8824,3608.0588,crop_3,76.4118,5221.2941,crop_3
crop_4,4886.1765,5624.1765,crop_4,544.1176,3198.8235,crop_4,1177.1176,954.9412,crop_4
crop_5,2753.9412,1622.1176,crop_5,2656.7059,2581.0000,crop_5,732.6471,203.8235,crop_5
crop_6,2760.2353,4541.4118,crop_6,5068.7647,30.1765,crop_6,3006.1176,3974.7647,crop_6
crop_7,638.3529,4299.6471,crop_7,1970.7647,3156.7059,crop_7,1203.2941,5360.7647,crop_7
crop_8,4664.3529,4226.4706,crop_8,4340.6471,3095.6471,crop_8,1503.1765,1600.0000,crop_8
crop_0,5620.1176,566.5294,crop_0,2762.0588,2958.9412,crop_0,1619.8235,5274.7647,crop_0
crop_1,4611.5294,3061.7647,crop_1,3843.0000,1595.5294,crop_1,4529.8235,5783.2353,crop_1
crop_2,2233.3529,308.7059,crop_2,999.2353,830.3529,crop_2,702.5882,828.9412,crop_2
crop_3,1286.5882,2420.8824,crop_3,4848.6471,3450.5882,crop_3,1151.0000,525.6471,crop_3
crop_4,1618.8824,4517.0588,crop_4,864.3529,170.3529,crop_4,78.9412,735.6471,crop_4
crop_5,2801.1765,5078.3529,crop_5,3670.1765,1360.2941,crop_5,4130.3529,2456.7647,crop_5
crop_6,2014.0000,1719.2941,crop_6,4334.4706,3257.3529,crop_6,5282.5882,647.2353,crop_6
crop_7,220.0588,2929.2353,crop_7,5579.0000,2910.0000,crop_7,459.0000,5591.0000,crop_7
crop_8,2822.3529,2277.6471,crop_8,2315.9412,2231.8824,crop_8,5809.3529,201.0588,crop_8
crop_0,5134.4118,332.2941,crop_0,2643.7647,5670.2353,crop_0,1848.0588,892.7059,crop_0
crop_1,345.6471,2268.7059,crop_1,3706.7647,330.1176,crop_1,5200.5882,1274.8235,crop_1
crop_2,4573.0588,2978.6471,crop_2,4091.0588,4029.7647,crop_2,2041.6471,3426.4118,crop_2
crop_3,1667.2353,1510.0000,crop_3,235.4118,4225.0588,crop_3,4967.4706,1819.4706,crop_3
crop_4,1988.3529,3707.2941,crop_4,5227.6471,2205.1176,crop_4,4172.1176,2276.0588,crop_4
crop_5,1078.4706,2542.2353,crop_5,2828.9412,5714.1765,crop_5,3490.4118,80.4118,crop_5
crop_6,5723.0000,677.1765,crop_6,2862.0000,3947.1765,crop_6,4089.9412,275.1176,crop_6
crop_7,5496.7059,301.8235,crop_7,2372.4118,270.2941,crop_7,4869.2941,1970.7647,crop_7
crop_8,1643.5294,3493.5294,crop_8,3395.5882,997.1176,crop_8,695.7059,4409.8824,crop_8
crop_0,1200.2941,580.0000,crop_0,2686.5294,4668.2353,crop_0,2447.4118,2274.8235,crop_0
crop_1,5727.8235,3761.7059,crop_1,1649.8235,852.0000,crop_1,1198.1765,5287.7059,crop_1
crop_2,4155.9412,3307.8824,crop_2,1395.7059,1470.8824,crop_2,3176.2353,3645.8824,crop_2
crop_3,2317.8235,5493.8235,crop_3,2113.8824,2019.2353,crop_3,3359.5882,4272.5294,crop_3
crop_4,426.0000,1740.3529,crop_4,3685.0000,4635.0000,crop_4,83.4706,245.0588,crop_4
crop_5,3015.2353,1633.7059,crop_5,5244.9412,3205.7059,crop_5,352.4706,1062.6471,crop_5
crop_6,455.0588,1689.3529,crop_6,4193.8824,920.2353,crop_6,4057.9412,1047.2941,crop_6
crop_7,2334.9412,2686.5882,crop_7,4346.0000,348.4118,crop_7,734.1176,569.3529,crop_7
crop_8,1304.1176,1742.3529,crop_8,1806.9412,3785.3529,crop_8,1870.0000,2616.4118,crop_8
crop_0,4174.5882,5566.0588,crop_0,3129.2353,3092.1176,crop_0,2590.8235,5791.6471,crop_0
crop_1,3368.4118,1403.2353,crop_1,3388.7647,4785.7647,crop_1,3029.8824,5856.2941,crop_1
crop_2,5728.0588,224.4118,crop_2,3951.1765,3781.0588,crop_2,2875.2353,2964.5882,crop_2
crop_3,3893.1176,3109.0000,crop_3,3812.8235,5053.6471,crop_3,1466.5882,5698.1765,crop_3
crop_4,5194.2941,529.4118,crop_4,5144.5294,562.4118,crop_4,4395.4118,3821.5294,crop_4
crop_5,991.0588,3132.3529,crop_5,2300.5294,5024.3529,crop_5,3953.0588,4211.6471,crop_5
crop_6,5158.4706,3650.5294,crop_6,4268.4706,4216.9412,crop_6,796.2941,137.5882,crop_6
crop_7,784.5882,5587.1176,crop_7,2483.7647,3374.7059,crop_7,138.6471,3814.7647,crop_7
crop_8,2582.7059,3577.0588,crop_8,1392.1176,5850.5882,crop_8,4791.5294,2370.4118,crop_8
crop_0,3066.7647,3081.2941,crop_0,1573.9412,3931.8824,crop_0,5678.0000,5492.6471,crop_0
crop_1,5348.2941,4781.2353,crop_1,2457.8235,4581.2941,crop_1,4671.1765,701.8235,crop_1
crop_2,50.8235,723.2353,crop_2,4400.4706,1361.8824,crop_2,1733.8235,857.0000,crop_2
crop_3,297.1765,298.1765,crop_3,5046.3529,5579.1765,crop_3,4457.1176,3280.5294,crop_3
crop_4,2012.1176,2947.5294,crop_4,1730.1176,3314.2941,crop_4,2757.4706,17.5294,crop_4
crop_5,4421.7647,3285.1765,crop_5,4771.9412,4315.1176,crop_5,3753.5882,2571.3529,crop_5
crop_6,2901.1765,2370.2353,crop_6,5713.0588,4642.1765,crop_6,5380.7647,4126.8824,crop_6
crop_7,905.5294,3612.1765,crop_7,1943.9412,5394.5294,crop_7,1139.8235,3940.4118,crop_7
crop_8,3072.8824,1908.7059,crop_8,5452.6471,2417.0588,crop_8,675.6471,3744.1765,crop_8
crop_0,4407.7647,3931.5294,crop_0,3093.6471,2205.4706,crop_0,929.0588,1222.8824,crop_0
crop_1,1941.5294,1986.0000,crop_1,4094.0000,3894.1765,crop_1,252.9412,3906.5294,crop_1
crop_2,3592.8824,1616.5294,crop_2,999.7647,5448.4118,crop_2,290.7647,42.0000,crop_2
crop_3,1565.4706,4659.7059,crop_3,2146.9412,3395.4706,crop_3,5429.8235,5565.5294,crop_3
crop_4,1609.1176,1495.0000,crop_4,815.1765,4578.1176,crop_4,3160.7647,5842.2353,crop_4
crop_5,2094.7647,1110.8235,crop_5,3038.4118,5699.4118,crop_5,1550.8824,2740.4118,crop_5
crop_6,4778.8235,5661.8824,crop_6,3379.4118,5780.9412,crop_6,764.8235,1653.5294,crop_6
crop_7,2280.7059,1765.0000,crop_7,3347.7647,4454.7059,crop_7,1481.8235,3966.8824,crop_7
crop_8,2996.4706,2646.0000,crop_8,1178.4118,2810.2941,crop_8,2363.4118,5381.4118,crop_8
crop_0,3955.7059,5729.8824,crop_0,1797.4706,4506.1765,crop_0,1166.4706,4050.5882,crop_0
crop_1,4266.2941,5336.8235,crop_1,35.2941,401.4118,crop_1,2465.5294,2377.7059,crop_1
crop_2,640.2941,249.5294,crop_2,579.7647,3172.0000,crop_2,3045.3529,5673.2941,crop_2
crop_3,1266.3529,131.8235,crop_3,5118.5294,4620.3529,crop_3,4617.2941,373.3529,crop_3
crop_4,123.4118,4480.3529,crop_4,5753.6471,3295.4118,crop_4,2741.7059,4528.7647,crop_4
crop_5,1215.9412,2439.0588,crop_5,4381.9412,5488.8824,crop_5,4268.9412,2286.1176,crop_5
crop_6,2293.8235,3370.2353,crop_6,1040.8235,3053.7059,crop_6,4920.1176,1030.1176,crop_6
crop_7,1479.5882,5420.2941,crop_7,3951.1176,5439.4118,crop_7,3458.7059,1334.4706,crop_7
crop_8,3780.3529,94.5882,crop_8,4000.9412,4760.6471,crop_8,4609.9412,3652.6471,crop_8
crop_0,2962.0588,968.8824,crop_0,2209.7647,5338.4706,crop_0,5231.5882,3117.8824,crop_0
crop_1,1918.4706,1084.6471,crop_1,2309.4118,3803.4118,crop_1,1275.5882,1099.6471,crop_1
crop_2,1709.8235,2024.5882,crop_2,3762.7059,695.1765,crop_2,534.0588,5175.5294,crop_2
crop_3,2289.0000,4097.1176,crop_3,3397.0000,556.3529,crop_3,439.2353,468.5294,crop_3
crop_4,1682.5294,2834.0000,crop_4,50.3529,2598.5882,crop_4,1778.0588,3946.8824,crop_4
crop_5,5754.4118,5158.6471,crop_5,1569.7647,1892.8824,crop_5,1034.1765,5329.1176,crop_5
crop_6,2050.5882,2657.6471,crop_6,4999.1176,1000.4118,crop_6,1450.7059,4046.5882,crop_6
crop_7,724.5294,1034.7059,crop_7,2953.3529,2690.5294,crop_7,1160.5882,5077.7059,crop_7
crop_8,3229.9412,351.5882,crop_8,2956.1765,5567.4706,crop_8,5140.5294,5729.3529,crop_8
crop_0,3228.2941,5700.7059,crop_0,2408.2353,5106.0588,crop_0,2714.4706,2021.4118,crop_0
crop_1,2174.5882,2887.3529,crop_1,760.4706,5102.3529,crop_1,5811.5882,223.7059,crop_1
crop_2,293.0000,5881.0000,crop_2,326.1176,1998.1176,crop_2,3372.7647,1189.0588,crop_2
crop_3,3124.2941,3492.5882,crop_3,4779.4706,596.1765,crop_3,3467.1765,4987.2941,crop_3
crop_4,4380.4706,2101.3529,crop_4,1391.3529,3626.1765,crop_4,1085.4706,1183.0000,crop_4
crop_5,2077.7647,1535.2941,crop_5,1547.3529,3833.2941,crop_5,190.0000,2930.1765,crop_5
crop_6,5786.3529,4240.5294,crop_6,3329.2353,2475.2941,crop_6,1173.6471,4608.7059,crop_6
crop_7,1562.1765,844.7059,crop_7,2772.7059,3038.6471,crop_7,2264.2353,4684.0000,crop_7
crop_8,5644.8824,2993.5882,crop_8,5269.2941,1974.6471,crop_8,2419.9412,4114.7647,crop_8
crop_0,1706.7059,4280.8824,crop_0,4016.2353,5015.5882,crop_0,4885.1176,4161.4706,crop_0
crop_1,5337.8235,897.4118,crop_1,3106.1765,1693.1765,crop_1,754.1176,5575.2941,crop_1
crop_2,4588.1176,3051.9412,crop_2,4021.3529,3034.7059,crop_2,5175.4706,1213.1765,crop_2
crop_3,4189.0000,2302.3529,crop_3,3042.5294,4568.7059,crop_3,5133.1765,782.1176,crop_3
crop_4,471.4118,4664.6471,crop_4,3732.4706,445.3529,crop_4,5201.7059,1040.2353,crop_4
crop_5,2791.0588,2389.4118,crop_5,1463.7647,2546.1765,crop_5,4675.7647,3653.7647,crop_5
crop_6,22.2941,2514.0000,crop_6,5528.4118,5349.0588,crop_6,3564.8824,5334.1765,crop_6
crop_7,5740.5882,3366.5882,crop_7,926.4706,3323.9412,crop_7,459.0000,5411.1765,crop_7
crop_8,629.3529,2137.4706,crop_8,978.5882,2093.9412,crop_8,5657.8235,2460.0000,crop_8
crop_0,4930.0588,3184.5882,crop_0,431.6471,1937.2941,crop_0,4148.2941,894.8235,crop_0
crop_1,948.8824,3836.0000,crop_1,898.6471,2217.3529,crop_1,474.5882,5093.0000,crop_1
crop_2,703.0000,4818.5294,crop_2,3286.4706,5527.8824,crop_2,3033.4706,3127.0588,crop_2
crop_3,2326.0000,2844.7647,crop_3,1244.4118,2043.2941,crop_3,3670.6471,2488.9412,crop_3
crop_4,298.8235,5867.5882,crop_4,1269.7059,3369.4706,crop_4,5855.4706,401.6471,crop_4
crop_5,254.7647,688.2941,crop_5,431.0000,5160.4118,crop_5,825.5882,5207.6471,crop_5
crop_6,2571.4118,1788.3529,crop_6,1151.9412,2203.5294,crop_6,4594.5294,2804.9412,crop_6
crop_7,4823.8235,3261.6471,crop_7,3123.5294,4241.2941,crop_7,833.3529,1803.3529,crop_7
crop_8,2649.1765,5127.7647,crop_8,4750.5882,80.0000,crop_8,3449.7647,2059.1765,crop_8
crop_0,4772.3529,1150.2941,crop_0,3756.9412,2035.8824,crop_0,5273.5294,439.7059,crop_0
crop_1,1579.0000,5550.8235,crop_1,1012.3529,2583.1765,crop_1,4825.0000,5835.2941,crop_1
crop_2,3686.0000,1979.2941,crop_2,5175.8235,604.6471,crop_2,2380.2941,833.1176,crop_2
crop_3,1626.5294,4197.1765,crop_3,3139.8235,1788.8235,crop_3,3334.0000,2809.2353,crop_3
crop_4,5430.3529,1790.0588,crop_4,2173.1176,793.0000,crop_4,2366.4118,3849.8824,crop_4
crop_5,3185.4706,2678.3529,crop_5,1754.8235,4981.0588,crop_5,2637.7647,5799.4118,crop_5
crop_6,1819.8824,5269.8235,crop_6,5599.1176,1198.7647,crop_6,1899.7059,4802.4706,crop_6
crop_7,5861.4118,2357.5882,crop_7,140.1176,3606.1765,crop_7,1115.6471,4694.1176,crop_7
crop_8,2403.0588,3948.5882,crop_8,5066.0588,5606.3529,crop_8,1399.9412,4544.4118,crop_8
crop_0,453.1765,3270.8235,crop_0,4825.5294,5858.8824,crop_0,1421.3529,2062.3529,crop_0
crop_1,215.5882,2978.2941,crop_1,1057.5294,4096.0588,crop_1,901.1176,4165.2941,crop_1
crop_2,1092.3529,1290.0588,crop_2,2781.9412,3025.1765,crop_2,4343.1176,4904.8235,crop_2
crop_3,2561.9412,1006.4118,crop_3,5859.0588,2392.1765,crop_3,3428.4118,5230.4118,crop_3
crop_4,3257.3529,5342.2941,crop_4,4330.7059,3787.3529,crop_4,4368.1176,3117.8824,crop_4
crop_5,4696.4706,842.2941,crop_5,2916.5882,4687.3529,crop_5,1978.1176,4213.6471,crop_5
crop_6,100.9412,7.9412,crop_6,2049.0588,5361.9412,crop_6,400.1176,5302.7647,crop_6
crop_7,210.8824,3000.2353,crop_7,4331.6471,5477.8235,crop_7,1398.5294,2235.5882,crop_7
crop_8,4975.7647,802.2353,crop_8,2680.8235,2125.7059,crop_8,1105.1765,4236.7059,crop_8
crop_0,3398.2353,3582.8235,crop_0,5216.1176,935.6471,crop_0,1111.6471,516.0588,crop_0
crop_1,5035.8824,3536.6471,crop_1,4547.8235,1438.7647,crop_1,1881.1765,2907.5882,crop_1
crop_2,3305.2941,3386.3529,crop_2,2989.8235,3343.4118,crop_2,2492.3529,5757.7059,crop_2
crop_3,5065.4706,3222.1765,crop_3,683.8824,1981.2941,crop_3,5878.4706,3588.0000,crop_3
crop_4,4321.1176,5699.7647,crop_4,1653.5294,2994.2353,crop_4,5412.0588,1867.2941,crop_4
crop_5,5658.2941,427.5294,crop_5,1450.0588,3034.0000,crop_5,781.2353,1801.2353,crop_5
crop_6,2505.6471,2578.4118,crop_6,1095.7059,4062.2353,crop_6,1135.0000,3991.6471,crop_6
crop_7,907.0588,5554.5294,crop_7,1728.2941,5324.1765,crop_7,530.2353,3318.4706,crop_7
crop_8,818.3529,4749.1176,crop_8,5855.5294,1575.2353,crop_8,342.0588,5832.8824,crop_8
crop_0,5826.7647,2982.0000,crop_0,3204.5294,2314.5882,crop_0,3017.2353,546.4118,crop_0
crop_1,3733.8235,362.3529,crop_1,111.2353,2710.1765,crop_1,1455.3529,4219.8235,crop_1
crop_2,3572.8824,460.4706,crop_2,2200.2353,1087.0000,crop_2,3926.7647,4382.7647,crop_2
crop_3,734.6471,4181.7647,crop_3,1950.7647,2254.0000,crop_3,1148.2353,3483.0588,crop_3
crop_4,4287.2353,551.8235,crop_4,5536.4118,2906.5882,crop_4,5528.7647,1404.9412,crop_4
crop_5,5354.0000,5170.2353,crop_5,3781.9412,1696.7059,crop_5,130.1765,2143.6471,crop_5
crop_6,822.6471,210.6471,crop_6,3006.4118,2303.2941,crop_6,1750.0588,4228.2353,crop_6
crop_7,493.0588,4422.3529,crop_7,5832.7647,5522.4118,crop_7,2428.1765,3133.7647,crop_7
crop_8,2168.6471,98.2941,crop_8,2374.1176,2612.4706,crop_8,4058.8235,2841.0000,crop_8
crop_0,2223.7647,745.3529,crop_0,1078.6471,5471.1765,crop_0,871.3529,658.5294,crop_0
crop_1,4542.8824,1799.9412,crop_1,5530.7647,648.6471,crop_1,4818.2941,2133.9412,crop_1
crop_2,919.3529,1195.5882,crop_2,4665.1176,2960.7647,crop_2,1881.6471,388.7059,crop_2
crop_3,2172.7647,950.8824,crop_3,5049.5294,2863.2941,crop_3,1931.3529,60.3529,crop_3
crop_4,5396.5294,1540.7059,crop_4,2915.5882,3222.5882,crop_4,1239.5882,2688.4118,crop_4
crop_5,5794.2353,2850.8235,crop_5,2368.3529,1466.4118,crop_5,1981.1765,3711.4118,crop_5
crop_6,3726.0588,2825.2353,crop_6,5539.3529,4249.7059,crop_6,5603.2353,1801.7059,crop_6
crop_7,1190.2941,4874.0588,crop_7,3100.4118,4417.8824,crop_7,1358.3529,3345.8235,crop_7
crop_8,5413.2941,3541.7647,crop_8,3347.1765,66.0588,crop_8,87.4118,3103.0588,crop_8
crop_0,1802.3529,3757.2353,crop_0,2152.6471,4080.3529,crop_0,5747.8235,2506.7059,crop_0
crop_1,1516.2941,5023.7059,crop_1,4714.7059,1461.2353,crop_1,2409.6471,3923.8235,crop_1
crop_2,3726.8824,2300.1765,crop_2,4130.5882,1617.5882,crop_2,3568.2353,1185.8235,crop_2
crop_3,5299.8235,419.9412,crop_3,1820.5882,5506.4118,crop_3,4824.9412,3025.1176,crop_3
crop_4,1837.4118,2318.5882,crop_4,3814.0000,4810.2353,crop_4,3756.6471,1592.6471,crop_4
crop_5,5187.2941,542.2353,crop_5,2087.5294,3044.5294,crop_5,4525.4706,3941.2353,crop_5
crop_6,4815.1765,5815.8824,crop_6,3537.6471,4295.8235,crop_6,3340.1765,1058.1765,crop_6
crop_7,189.7059,893.7647,crop_7,1053.1765,1249.4118,crop_7,3140.1176,2127.5882,crop_7
crop_8,1988.0000,3965.2353,crop_8,4665.6471,5629.0588,crop_8,3215.4706,3425.7647,crop_8
crop_0,2809.4118,980.6471,crop_0,3906.9412,1915.7059,crop_0,506.1176,1275.7059,crop_0
crop_1,590.3529,2158.5882,crop_1,2760.4118,4894.7647,crop_1,2389.5294,5790.2941,crop_1
crop_2,1496.6471,4669.8824,crop_2,844.5882,776.8824,crop_2,1084.2941,1595.1176,crop_2
crop_3,2683.4118,3219.2353,crop_3,301.2353,990.4118,crop_3,1075.5882,3673.0000,crop_3
crop_4,2975.8824,4006.7647,crop_4,4162.7059,4150.0000,crop_4,5697.4118,5859.9412,crop_4
crop_5,753.4706,5044.8824,crop_5,2867.5882,198.2353,crop_5,2782.2353,2217.2941,crop_5
crop_6,1801.5882,1638.1176,crop_6,700.1765,2234.5294,crop_6,3599.2941,2928.1176,crop_6
crop_7,644.2353,408.4706,crop_7,3932.8235,890.5294,crop_7,3932.6471,4779.0588,crop_7
crop_8,3318.2353,166.0588,crop_8,3553.5882,135.8824,crop_8,5153.8824,1306.7647,crop_8
crop_0,1024.2353,5239.1765,crop_0,4673.9412,712.4706,crop_0,2146.9412,2878.5882,crop_0
crop_1,1006.3529,5375.5882,crop_1,1482.8824,371.1765,crop_1,1394.4118,1324.2941,crop_1
crop_2,2559.2941,3228.7647,crop_2,3987.1765,127.3529,crop_2,4356.5294,68.6471,crop_2
crop_3,2926.2941,506.3529,crop_3,3001.9412,4504.7647,crop_3,3707.3529,1419.9412,crop_3
crop_4,2413.5294,917.7059,crop_4,305.4118,5566.7647,crop_4,5588.7647,5403.8235,crop_4
crop_5,3756.6471,749.2353,crop_5,4583.2353,3914.7059,crop_5,1209.7647,2090.9412,crop_5
crop_6,1677.0000,5352.3529,crop_6,3205.4118,5771.4706,crop_6,3869.3529,773.1176,crop_6
crop_7,1366.0000,4584.5882,crop_7,4334.6471,4804.8824,crop_7,21.5882,1888.5294,crop_7
crop_8,3471.3529,5232.2353,crop_8,2136.2353,3413.5882,crop_8,3879.7059,5197.7647,crop_8
crop_0,1996.4706,4982.6471,crop_0,4417.0588,1040.8824,crop_0,850.7647,977.2941,crop_0
crop_1,3695.4118,1305.5882,crop_1,5859.5882,1409.4118,crop_1,4199.0000,3258.2353,crop_1
crop_2,5190.7647,2958.0588,crop_2,5087.8824,4992.8235,crop_2,5307.6471,198.6471,crop_2
crop_3,2792.4706,4098.1765,crop_3,5712.3529,3112.8235,crop_3,3719.7059,3071.8824,crop_3
crop_4,4218.7059,2040.4118,crop_4,2259.7647,1221.2353,crop_4,5764.4118,2218.0588,crop_4
crop_5,4619.2353,1318.7647,crop_5,610.7059,2555.5882,crop_5,1195.1765,5262.4118,crop_5
crop_6,4269.2353,1829.6471,crop_6,5801.2353,3618.2353,crop_6,2434.5294,594.4706,crop_6
crop_7,3509.8824,1507.4118,crop_7,5723.1765,3304.8824,crop_7,2032.2941,5648.2941,crop_7
crop_8,3805.4118,4372.7059,crop_8,2483.2941,2810.4118,crop_8,2035.1765,5403.2941,crop_8
crop_0,983.2353,3419.5294,crop_0,1436.2353,1696.4706,crop_0,4163.4118,738.5882,crop_0
crop_1,2725.0588,2045.1765,crop_1,2393.7647,5313.7059,crop_1,1961.8824,5383.6471,crop_1
crop_2,360.7647,2318.0588,crop_2,2309.4118,4861.1176,crop_2,5624.1765,3794.5882,crop_2
crop_3,1840.4706,4246.3529,crop_3,334.2941,3661.0588,crop_3,5879.5882,3208.4118,crop_3
crop_4,2974.9412,4064.5294,crop_4,895.0000,3628.2353,crop_4,4709.8235,2749.0588,crop_4
crop_5,2925.0588,1359.3529,crop_5,1047.6471,2296.5882,crop_5,2409.0588,366.8235,crop_5
crop_6,1562.5294,5716.0588,crop_6,1807.2353,948.4118,crop_6,3978.4118,2986.5294,crop_6
crop_7,1845.6471,4616.4118,crop_7,4781.5294,904.8824,crop_7,1072.1176,1598.1765,crop_7
crop_8,4767.7647,1911.5882,crop_8,1760.7059,3824.4706,crop_8,28.4706,2085.2941,crop_8
crop_0,4640.2353,2295.7647,crop_0,1315.7059,730.3529,crop_0,204.4118,2883.0588,crop_0
crop_1,2984.2941,3349.9412,crop_1,4432.0588,3060.5294,crop_1,4850.4118,2407.0000,crop_1
crop_2,2344.8824,5391.7059,crop_2,2919.2941,5231.4706,crop_2,2023.4118,1098.9412,crop_2
crop_3,4304.2941,2188.9412,crop_3,5586.7647,5738.3529,crop_3,2623.4118,1663.1176,crop_3
crop_4,1629.4118,1901.4118,crop_4,25.2353,3236.1765,crop_4,3013.4118,2458.5882,crop_4
crop_5,5497.2941,5674.1765,crop_5,1637.4118,3014.2353,crop_5,3478.0588,4210.3529,crop_5
crop_6,4376.3529,3294.6471,crop_6,1753.8235,1894.5294,crop_6,5535.4118,4076.8824,crop_6
crop_7,2078.1765,1361.2941,crop_7,5354.2353,4579.7647,crop_7,4553.5882,1807.1765,crop_7
crop_8,1210.8824,1864.0588,crop_8,3442.1176,2557.1765,crop_8,203.5294,5240.0000,crop_8
crop_0,870.3529,2683.9412,crop_0,2574.7647,5042.9412,crop_0,2300.8235,1522.1176,crop_0
crop_1,134.0000,3047.0000,crop_1,1238.9412,2719.1176,crop_1,4509.0000,3254.3529,crop_1
crop_2,1637.8824,4138.1176,crop_2,2235.2353,2677.8235,crop_2,1169.5294,2252.4706,crop_2
crop_3,5556.8824,2230.7059,crop_3,3024.2941,2932.4706,crop_3,4521.5882,4201.7647,crop_3
crop_4,2927.4706,2977.1176,crop_4,2188.7647,239.4118,crop_4,2273.4118,3432.8824,crop_4
crop_5,4546.4118,1276.4706,crop_5,4625.5882,5621.2353,crop_5,524.7059,1507.2941,crop_5
crop_6,2292.8824,4408.0588,crop_6,4485.2353,146.4706,crop_6,5765.5294,1305.7059,crop_6
crop_7,2275.1176,1022.1176,crop_7,4090.4118,4183.7059,crop_7,4768.5294,404.1176,crop_7
crop_8,2701.7059,3380.5294,crop_8,602.4118,2718.2941,crop_8,196.4706,4274.2941,crop_8
crop_0,5309.6471,2359.2941,crop_0,1976.4118,2778.5882,crop_0,1790.2941,3848.2353,crop_0
crop_1,1664.4706,5506.0000,crop_1,1741.5294,1200.0588,crop_1,4018.7059,3720.1765,crop_1
crop_2,5419.2353,2107.0000,crop_2,259.8824,469.7647,crop_2,5690.0000,3775.8235,crop_2
crop_3,5052.4706,1922.0588,crop_3,5079.8235,1445.3529,crop_3,2397.1765,4645.0588,crop_3
crop_4,2826.7647,4009.1765,crop_4,3122.8235,4419.1176,crop_4,3915.6471,59.2353,crop_4
crop_5,5707.7647,4090.4118,crop_5,3241.4118,4705.3529,crop_5,3325.8824,3732.5294,crop_5
crop_6,1822.4706,4573.4118,crop_6,1155.4118,4847.1176,crop_6,3164.0588,775.3529,crop_6
crop_7,3692.3529,4205.8824,crop_7,3322.9412,4459.1765,crop_7,483.5294,3172.1176,crop_7
crop_8,5793.2353,3378.7059,crop_8,3812.0588,4941.5294,crop_8,3598.9412,3613.9412,crop_8
crop_0,3087.2353,5369.8824,crop_0,2255.5882,1120.9412,crop_0,2870.7647,3143.6471,crop_0
crop_1,4629.2941,797.2941,crop_1,2462.7647,4342.2353,crop_1,1187.2941,2557.5882,crop_1
crop_2,216.2941,358.4706,crop_2,3865.5882,4818.7647,crop_2,1244.4118,3637.1765,crop_2
crop_3,1100.8235,3418.6471,crop_3,2877.2941,4053.7647,crop_3,585.8824,1208.6471,crop_3
crop_4,3458.1176,2106.4118,crop_4,1135.0588,4796.1765,crop_4,1887.4706,1216.0000,crop_4
crop_5,245.7059,5571.0000,crop_5,1785.7059,5759.7059,crop_5,4145.4706,211.5294,crop_5
crop_6,5418.6471,3251.7647,crop_6,5881.9412,597.2941,crop_6,2241.1765,4158.9412,crop_6
crop_7,2199.8824,5245.9412,crop_7,4395.5882,2293.1176,crop_7,5601.1176,5776.9412,crop_7
crop_8,3387.0000,5707.5294,crop_8,4358.4118,3807.5882,crop_8,726.9412,2542.5294,crop_8
crop_0,1225.1765,2933.7059,crop_0,753.5882,2.7647,crop_0,2262.4118,1956.8235,crop_0
crop_1,1892.3529,696.4706,crop_1,632.9412,1787.0588,crop_1,3571.6471,1725.7059,crop_1
crop_2,5754.7647,5264.6471,crop_2,1893.4118,3280.0000,crop_2,372.7647,995.0000,crop_2
crop_3,772.2941,3268.4118,crop_3,5290.5294,4658.8824,crop_3,3582.2941,3567.7647,crop_3
crop_4,1410.3529,4230.3529,crop_4,5545.8235,1319.4706,crop_4,1599.6471,660.8235,crop_4
crop_5,2992.1176,355.3529,crop_5,453.6471,4418.1176,crop_5,4794.8235,3721.9412,crop_5
crop_6,3434.3529,3575.6471,crop_6,3234.3529,3562.7059,crop_6,4581.0000,4272.3529,crop_6
crop_7,1204.4706,1830.5882,crop_7,3643.4118,4169.4118,crop_7,651.1176,1505.2353,crop_7
crop_8,2870.3529,5013.6471,crop_8,296.3529,2492.5882,crop_8,5562.1176,388.5882,crop_8
crop_0,5048.2353,1001.6471,crop_0,1599.1176,263.0588,crop_0,1947.2353,4072.8824,crop_0
crop_1,4486.9412,4824.4706,crop_1,1860.8824,1835.8235,crop_1,1448.2353,189.8824,crop_1
crop_2,4919.0000,5743.8824,crop_2,5437.2353,1704.5294,crop_2,5011.6471,1241.5294,crop_2
crop_3,5821.2353,1788.2941,crop_3,3444.8235,4309.4706,crop_3,1373.0588,3329.5294,crop_3
crop_4,1496.5294,623.5294,crop_4,4575.1765,2134.5882,crop_4,1412.0588,626.9412,crop_4
crop_5,5391.7647,3948.4706,crop_5,1982.5294,2990.3529,crop_5,5246.9412,3691.0588,crop_5
crop_6,3823.6471,235.6471,crop_6,1531.6471,1635.0588,crop_6,3909.5882,5352.4706,crop_6
crop_7,1609.8824,298.2353,crop_7,5539.2353,4516.8824,crop_7,5767.5294,472.7059,crop_7
crop_8,98.2941,5227.1765,crop_8,3052.8824,4662.0000,crop_8,3108.0588,4598.8824,crop_8
crop_0,5539.4706,3011.4118,crop_0,1502.5882,1650.2353,crop_0,794.3529,5641.2941,crop_0
crop_1,1601.4706,5797.7059,crop_1,1024.0588,3176.3529,crop_1,1959.4706,3094.8824,crop_1
crop_2,604.1176,5078.2941,crop_2,5296.5294,1221.9412,crop_2,4324.1765,5718.5294,crop_2
crop_3,2295.1765,1983.8235,crop_3,3955.0000,4112.7059,crop_3,4339.5294,2171.4706,crop_3
crop_4,3324.7059,2730.8235,crop_4,3364.8824,1385.1765,crop_4,313.2353,1849.8235,crop_4
crop_5,2478.7059,1955.5294,crop_5,2995.3529,860.9412,crop_5,382.5882,610.2353,crop_5
crop_6,5241.5882,2790.0588,crop_6,1500.1176,3394.7059,crop_6,2375.7647,618.0000,crop_6
crop_7,2267.9412,1071.4118,crop_7,5067.5882,44.1765,crop_7,5835.5882,982.2353,crop_7
crop_8,3655.5294,3616.4706,crop_8,182.1765,1716.9412,crop_8,3821.9412,4533.1765,crop_8
crop_0,1296.8824,1265.0588,crop_0,2013.1176,5637.4118,crop_0,513.9412,2883.8235,crop_0
crop_1,5091.7647,3700.6471,crop_1,3605.4706,2931.1765,crop_1,2950.6471,4736.0000,crop_1
crop_2,5208.6471,244.8235,crop_2,5276.5882,5190.2941,crop_2,751.0000,5535.5294,crop_2
crop_3,4512.4706,5636.1765,crop_3,1141.8824,5201.0000,crop_3,3864.0588,1058.5882,crop_3
crop_4,3051.0588,1229.2941,crop_4,3710.2353,2470.0000,crop_4,464.5882,1675.5882,crop_4
crop_5,2102.5294,1724.0000,crop_5,4426.2941,2979.5294,crop_5,398.6471,1753.3529,crop_5
crop_6,5115.7647,4800.0588,crop_6,3978.4118,1394.7059,crop_6,3663.1176,4474.8824,crop_6
crop_7,2802.3529,3012.8824,crop_7,2362.0000,5413.0000,crop_7,1364.3529,784.7059,crop_7
crop_8,2254.4118,598.8824,crop_8,3925.5294,3124.2353,crop_8,2947.1176,2156.4118,crop_8
crop_0,5727.8235,3047.9412,crop_0,4586.4706,1695.7059,crop_0,1581.3529,2851.2941,crop_0
crop_1,4365.1176,2183.1765,crop_1,1267.0588,4127.4706,crop_1,1999.3529,20.0000,crop_1
crop_2,4115.0588,4212.3529,crop_2,3719.6471,3237.6471,crop_2,3763.4706,12.7059,crop_2
crop_3,2125.6471,4276.1765,crop_3,207.3529,1546.6471,crop_3,4913.0588,1005.8824,crop_3
crop_4,5735.7059,1253.7059,crop_4,5708.2353,1796.4118,crop_4,3719.8824,5257.0588,crop_4
crop_5,1903.8235,2379.8235,crop_5,1549.0000,5527.1765,crop_5,922.4118,3539.6471,crop_5
crop_6,1638.0000,634.8824,crop_6,4869.4706,110.8824,crop_6,957.0588,3486.4706,crop_6
crop_7,2298.5294,4095.8824,crop_7,1063.5882,2132.9412,crop_7,47.8824,5586.4706,crop_7
crop_8,1372.0588,2242.2353,crop_8,1696.5294,437.6471,crop_8,5424.4118,3000.4118,crop_8
crop_0,3167.2941,2097.6471,crop_0,1585.8235,3020.7059,crop_0,1653.8824,605.0000,crop_0
crop_1,540.3529,2067.8235,crop_1,9.3529,126.7647,crop_1,2915.2941,1022.1765,crop_1
crop_2,2759.0000,4628.7059,crop_2,4595.5294,1358.7647,crop_2,5831.4706,3903.5294,crop_2
crop_3,5776.2941,932.1765,crop_3,3334.7059,889.0588,crop_3,975.7059,1136.1765,crop_3
crop_4,5013.8235,1664.6471,crop_4,4208.5882,166.8235,crop_4,2617.8824,1275.4118,crop_4
crop_5,3051.7647,5120.7647,crop_5,1474.2353,2178.8235,crop_5,3626.7059,5407.7647,crop_5
crop_6,3460.2353,1722.9412,crop_6,4338.1765,3179.4706,crop_6,5021.1765,40.3529,crop_6
crop_7,2740.6471,4912.0000,crop_7,1733.3529,5080.0588,crop_7,3377.5882,1825.2353,crop_7
crop_8,2745.2941,1064.1765,crop_8,4726.4118,2394.4118,crop_8,4760.2941,2513.4118,crop_8
crop_0,1667.2941,3603.2941,crop_0,682.5882,4548.8824,crop_0,3285.8235,4538.1765,crop_0
crop_1,4999.1176,3905.1765,crop_1,5433.0588,659.8824,crop_1,414.7647,5771.4706,crop_1
crop_2,5766.5882,3190.4118,crop_2,2968.2941,2483.5294,crop_2,3975.4118,5516.5294,crop_2
crop_3,4329.4706,3820.7647,crop_3,4073.1176,1008.7647,crop_3,410.1176,1633.0588,crop_3
crop_4,1125.8235,4527.4706,crop_4,5527.1765,3068.7647,crop_4,572.5294,790.8824,crop_4
crop_5,3837.4706,2435.7647,crop_5,1699.1765,2506.2353,crop_5,2166.1765,3137.4118,crop_5
crop_6,1377.5294,5825.0588,crop_6,2254.2353,864.5882,crop_6,845.9412,5763.5294,crop_6
crop_7,4905.1176,4138.8824,crop_7,5306.2941,3785.8824,crop_7,2517.2941,1300.0000,crop_7
crop_8,4564.2941,4111.0000,crop_8,4805.0588,576.7647,crop_8,2451.6471,1215.7647,crop_8
crop_0,1084.4706,5157.5294,crop_0,2511.4118,4160.1176,crop_0,1107.9412,567.7647,crop_0
crop_1,2703.0000,5209.7059,crop_1,1881.0000,4028.3529,crop_1,3633.7059,5486.6471,crop_1
crop_2,3109.1176,3965.8235,crop_2,275.7647,855.5882,crop_2,1339.2941,1069.4118,crop_2
crop_3,1018.2353,4910.0000,crop_3,4258.8824,4732.0588,crop_3,4581.0588,716.9412,crop_3
crop_4,5715.2353,2457.2353,crop_4,3830.9412,607.4706,crop_4,168.6471,3933.0588,crop_4
crop_5,1829.7059,2640.8824,crop_5,121.5882,3670.0588,crop_5,1005.0588,2977.1176,crop_5
crop_6,1443.1176,4712.5882,crop_6,5355.0000,5637.6471,crop_6,4214.8235,5050.0588,crop_6
crop_7,2827.2353,4053.0588,crop_7,5199.4706,2368.8824,crop_7,5873.9412,1336.1176,crop_7
crop_8,3413.7059,3050.7059,crop_8,185.8824,428.9412,crop_8,3559.7059,4869.5882,crop_8
crop_0,370.4706,958.5294,crop_0,1742.0588,3379.2941,crop_0,4141.8235,1262.7647,crop_0
crop_1,5029.5294,4913.5882,crop_1,1048.6471,1294.1176,crop_1,1529.0000,5821.0000,crop_1
crop_2,2780.9412,2178.1176,crop_2,2619.4706,5878.7647,crop_2,5478.2941,610.5882,crop_2
crop_3,3678.8235,4351.8235,crop_3,2854.7647,1279.7647,crop_3,5016.0588,398.2941,crop_3
crop_4,3172.7059,5247.8824,crop_4,3285.7059,3359.3529,crop_4,5568.3529,1002.0000,crop_4
crop_5,4876.9412,1820.2353,crop_5,2408.1176,131.0000,crop_5,5872.0588,589.1765,crop_5
crop_6,1359.7647,4167.0000,crop_6,5480.1176,344.5882,crop_6,611.6471,3040.3529,crop_6
crop_7,3954.2353,2160.2353,crop_7,1127.2941,967.0000,crop_7,5853.6471,2067.2353,crop_7
crop_8,3933.8824,1950.9412,crop_8,4845.8235,1609.0000,crop_8,775.8235,3516.7059,crop_8
crop_0,1582.2941,5651.6471,crop_0,998.1765,4022.5882,crop_0,4110.6471,1276.3529,crop_0
crop_1,1538.1176,2743.2353,crop_1,3819.4118,3953.5882,crop_1,3184.6471,3450.7059,crop_1
crop_2,1520.5882,5580.8824,crop_2,2076.8235,3148.5882,crop_2,3002.4118,3159.7059,crop_2
crop_3,1716.5294,23.5882,crop_3,887.7059,5408.0588,crop_3,2712.9412,5868.4706,crop_3
crop_4,5786.8824,3320.8824,crop_4,1029.8235,936.7647,crop_4,4598.7059,2318.8824,crop_4
crop_5,4943.2941,1012.3529,crop_5,2370.0588,1373.6471,crop_5,4444.1765,5116.1765,crop_5
crop_6,4808.8824,2258.2941,crop_6,1088.8824,4552.3529,crop_6,5817.2941,346.4118,crop_6
crop_7,2131.7059,4469.7059,crop_7,5387.0000,5268.7647,crop_7,402.6471,2538.4118,crop_7
crop_8,229.0588,1914.7059,crop_8,3510.1765,3020.8235,crop_8,3445.4118,602.8824,crop_8
crop_0,483.2941,5632.2941,crop_0,126.8235,1344.0588,crop_0,819.7059,2813.0588,crop_0
crop_1,3352.0000,912.3529,crop_1,3678.4118,3251.6471,crop_1,3151.5294,1810.6471,crop_1
crop_2,4594.8824,4787.9412,crop_2,4580.6471,1044.6471,crop_2,158.4118,4979.9412,crop_2
crop_3,3889.4706,2247.1765,crop_3,4789.8824,1630.2941,crop_3,5645.4706,1792.0588,crop_3
crop_4,3986.0588,5518.9412,crop_4,1298.9412,1488.0588,crop_4,1291.4706,333.6471,crop_4
crop_5,3682.0588,2782.8824,crop_5,5359.3529,2990.4118,crop_5,5227.4706,4549.1176,crop_5
crop_6,2834.8235,5291.6471,crop_6,967.7059,802.0000,crop_6,353.6471,4935.4118,crop_6
crop_7,2241.1765,3671.1176,crop_7,1587.2941,612.3529,crop_7,4079.0000,5413.0588,crop_7
crop_8,516.2353,3679.0588,crop_8,4450.2941,3314.7059,crop_8,3158.7647,2582.7647,crop_8
crop_0,3290.3529,4432.2941,crop_0,2307.1765,1878.7647,crop_0,1674.7647,3485.1765,crop_0
crop_1,1486.2941,1400.2941,crop_1,768.6471,2540.5882,crop_1,4465.4118,745.0588,crop_1
crop_2,4631.8235,5868.6471,crop_2,966.1765,262.3529,crop_2,1897.1176,5147.8235,crop_2
crop_3,3362.4706,5749.5882,crop_3,1106.3529,2087.7647,crop_3,5538.3529,5655.7647,crop_3
crop_4,5137.3529,3176.1176,crop_4,2572.9412,2797.3529,crop_4,1346.0588,5265.8824,crop_4
crop_5,4535.9412,4168.9412,crop_5,3613.8824,2130.9412,crop_5,2632.5294,721.9412,crop_5
crop_6,2248.8824,3320.1176,crop_6,3766.4706,1784.0000,crop_6,5406.0588,3047.5882,crop_6
crop_7,2469.1765,4207.1176,crop_7,2382.2353,1257.1765,crop_7,3636.4118,747.7059,crop_7
crop_8,5168.7647,440.2941,crop_8,3286.8824,2180.3529,crop_8,4751.4118,4271.0588,crop_8
crop_0,3976.4706,3284.9412,crop_0,2700.1176,3793.2941,crop_0,2751.2353,4060.9412,crop_0
crop_1,2071.4706,3020.3529,crop_1,5245.8235,4750.0000,crop_1,3681.5294,3274.4118,crop_1
crop_2,563.2941,1380.4706,crop_2,3754.9412,3863.7059,crop_2,5657.1765,4926.9412,crop_2
crop_3,1737.0000,4524.9412,crop_3,4836.5294,2522.2353,crop_3,2912.2353,4915.7059,crop_3
crop_4,782.0588,4273.9412,crop_4,3810.1176,955.6471,crop_4,2560.8824,3061.2941,crop_4
crop_5,2854.8824,174.7647,crop_5,3595.7647,2310.1176,crop_5,5863.8235,1873.2353,crop_5
crop_6,1048.2941,4990.5294,crop_6,4916.0588,1959.5294,crop_6,1767.7059,4649.5882,crop_6
crop_7,4084.7059,743.5882,crop_7,1151.8824,2187.9412,crop_7,3366.3529,2947.1765,crop_7
crop_8,2925.9412,1588.0588,crop_8,3255.1176,2573.4706,crop_8,5837.2941,806.6471,crop_8
crop_0,855.3529,235.2353,crop_0,5072.2941,3610.1176,crop_0,754.7647,3067.1765,crop_0
crop_1,5532.7647,3198.0000,crop_1,1.2941,5045.1176,crop_1,5265.3529,1807.1176,crop_1
crop_2,3066.6471,3837.7647,crop_2,5269.4118,2225.7059,crop_2,450.1176,5676.1765,crop_2
crop_3,3658.7647,4817.8824,crop_3,3956.8235,3076.2941,crop_3,4175.5294,4326.4118,crop_3
crop_4,1218.0588,138.1765,crop_4,3566.2941,365.6471,crop_4,422.8235,4849.1765,crop_4
crop_5,2123.5294,2092.0588,crop_5,264.3529,2355.4706,crop_5,2233.4118,4596.6471,crop_5
crop_6,5266.6471,3260.0588,crop_6,189.8824,304.1176,crop_6,2646.2941,1122.5882,crop_6
crop_7,889.2941,3434.4118,crop_7,3437.1765,853.8235,crop_7,3994.0588,946.1765,crop_7
crop_8,2936.0000,4398.2941,crop_8,3982.8235,4245.4118,crop_8,449.5882,2277.8824,crop_8
crop_0,3123.7647,5534.2353,crop_0,4869.2353,2879.7647,crop_0,349.3529,2939.1765,crop_0
crop_1,855.1765,1639.5882,crop_1,5391.8235,5178.1176,crop_1,1301.8824,5343.9412,crop_1
crop_2,5532.9412,2021.0588,crop_2,1819.5882,3160.3529,crop_2,4994.3529,969.0000,crop_2
crop_3,1457.5294,437.5294,crop_3,2445.6471,2612.8824,crop_3,5010.4706,46.4706,crop_3
crop_4,3261.2941,95.5294,crop_4,622.2941,5753.6471,crop_4,2377.1176,5076.2941,crop_4
crop_5,4639.8235,2815.0000,crop_5,371.2941,1292.7059,crop_5,4372.7647,1086.7059,crop_5
crop_6,5740.1176,4903.1765,crop_6,2142.0588,561.9412,crop_6,3182.1176,3547.7059,crop_6
crop_7,4002.1765,4203.0000,crop_7,5284.0588,2219.9412,crop_7,4440.7647,1301.2353,crop_7
crop_8,1567.7647,2754.7059,crop_8,1764.6471,1242.1765,crop_8,5086.0000,4339.1176,crop_8
crop_0,1701.4706,4455.8235,crop_0,1909.4706,3726.8824,crop_0,3637.5882,717.0000,crop_0
crop_1,5157.8235,4819.8824,crop_1,4167.5882,4292.0000,crop_1,5050.6471,1782.5294,crop_1
crop_2,1455.2353,2675.6471,crop_2,2246.2353,1896.2941,crop_2,2487.4118,5132.6471,crop_2
crop_3,5096.8824,1074.4118,crop_3,2744.0588,798.0000,crop_3,2134.1765,2587.0588,crop_3
crop_4,2994.0000,4700.4118,crop_4,423.4118,2565.2941,crop_4,4192.7647,2834.2353,crop_4
crop_5,5039.4706,5345.6471,crop_5,420.6471,2746.1176,crop_5,541.6471,435.7059,crop_5
crop_6,3562.4706,4193.4706,crop_6,2736.5294,1116.5294,crop_6,2476.8235,4284.7059,crop_6
crop_7,1681.1176,927.6471,crop_7,1742.0588,4624.7647,crop_7,3086.6471,1878.2353,crop_7
crop_8,5098.8235,4366.7647,crop_8,2363.1176,523.2353,crop_8,2950.4706,1548.5882,crop_8
crop_0,921.5294,4867.5294,crop_0,873.4118,802.3529,crop_0,5492.6471,288.4118,crop_0
crop_1,477.0588,3694.0588,crop_1,3295.2353,5282.7059,crop_1,2939.0588,3161.1176,crop_1
crop_2,2998.1176,5298.7647,crop_2,1217.7059,3458.6471,crop_2,1988.1176,90.6471,crop_2
crop_3,1906.6471,4515.0000,crop_3,4412.2353,188.4706,crop_3,5294.1765,4164.7059,crop_3
crop_4,5464.2941,3751.7647,crop_4,1081.8235,880.0000,crop_4,789.1176,896.7059,crop_4
crop_5,1090.1765,305.1176,crop_5,1301.1765,4385.9412,crop_5,4201.0000,5106.7059,crop_5
crop_6,1725.4706,4492.4706,crop_6,5591.1765,5198.2353,crop_6,4386.1765,5681.5294,crop_6
crop_7,4297.2941,643.2353,crop_7,5567.0000,5875.8824,crop_7,3364.6471,3906.2941,crop_7
crop_8,1720.8824,3387.5294,crop_8,5163.8824,1416.7647,crop_8,1076.7647,14.1765,crop_8
crop_0,5712.0000,4824.6471,crop_0,5346.1765,1168.5882,crop_0,214.8235,944.7647,crop_0
crop_1,4633.1765,2367.1176,crop_1,2802.5294,1819.9412,crop_1,1280.1765,477.7647,crop_1
crop_2,108.1765,1806.0588,crop_2,5345.0000,981.4706,crop_2,5533.0588,3462.7647,crop_2
crop_3,2546.1176,4970.6471,crop_3,5654.5882,2266.6471,crop_3,407.8824,740.1765,crop_3
crop_4,5014.2941,1136.2941,crop_4,1552.7059,3113.0000,crop_4,402.1176,2318.4118,crop_4
crop_5,4003.5294,5702.9412,crop_5,3842.1765,3808.9412,crop_5,1426.3529,1884.5294,crop_5
crop_6,3204.2353,1067.6471,crop_6,5062.4118,3586.5294,crop_6,4717.7059,3889.4706,crop_6
crop_7,272.4706,646.0000,crop_7,2792.2353,3071.5294,crop_7,5775.2941,3695.0588,crop_7
crop_8,405.3529,4660.1765,crop_8,4649.1176,2191.4706,crop_8,751.5882,1372.0000,crop_8
crop_0,2812.4118,3526.2941,crop_0,2816.9412,2149.2353,crop_0,5211.1176,4934.9412,crop_0
crop_1,1705.0000,1962.6471,crop_1,4879.7059,3586.8824,crop_1,790.2353,43.0000,crop_1
crop_2,4972.5294,994.8824,crop_2,4107.8235,2450.5294,crop_2,1368.5882,1027.8235,crop_2
